Threads,BlockSize,HackSize,Time_s,MFLOPS,NNZ,Matrix,Format,Mode,GFLOPS
1,-1,-1,0.00825069,747.52,3083796,roadNet-PA.mtx,CSR,OpenMP,0.74752
2,-1,-1,0.00440232,1400.99,3083796,roadNet-PA.mtx,CSR,OpenMP,1.40099
3,-1,-1,0.00283436,2176.01,3083796,roadNet-PA.mtx,CSR,OpenMP,2.17601
4,-1,-1,0.00215834,2857.57,3083796,roadNet-PA.mtx,CSR,OpenMP,2.85757
5,-1,-1,0.00179499,3436.0,3083796,roadNet-PA.mtx,CSR,OpenMP,3.436
6,-1,-1,0.00151983,4058.09,3083796,roadNet-PA.mtx,CSR,OpenMP,4.05809
7,-1,-1,0.00131646,4684.99,3083796,roadNet-PA.mtx,CSR,OpenMP,4.68499
8,-1,-1,0.00117103,5266.83,3083796,roadNet-PA.mtx,CSR,OpenMP,5.26683
9,-1,-1,0.00111762,5518.5,3083796,roadNet-PA.mtx,CSR,OpenMP,5.5185
10,-1,-1,0.00104027,5928.86,3083796,roadNet-PA.mtx,CSR,OpenMP,5.928859999999999
11,-1,-1,0.00097244,6342.37,3083796,roadNet-PA.mtx,CSR,OpenMP,6.34237
12,-1,-1,0.00085637,7202.02,3083796,roadNet-PA.mtx,CSR,OpenMP,7.20202
13,-1,-1,0.00078026,7904.5,3083796,roadNet-PA.mtx,CSR,OpenMP,7.9045
14,-1,-1,0.00073026,8445.71,3083796,roadNet-PA.mtx,CSR,OpenMP,8.445709999999998
15,-1,-1,0.00066977,9208.47,3083796,roadNet-PA.mtx,CSR,OpenMP,9.20847
16,-1,-1,0.00062996,9790.39,3083796,roadNet-PA.mtx,CSR,OpenMP,9.790389999999999
17,-1,-1,0.00059101,10435.77,3083796,roadNet-PA.mtx,CSR,OpenMP,10.43577
18,-1,-1,0.00055182,11176.79,3083796,roadNet-PA.mtx,CSR,OpenMP,11.17679
19,-1,-1,0.0005185,11895.15,3083796,roadNet-PA.mtx,CSR,OpenMP,11.89515
20,-1,-1,0.00050551,12200.65,3083796,roadNet-PA.mtx,CSR,OpenMP,12.20065
21,-1,-1,0.00066642,9254.83,3083796,roadNet-PA.mtx,CSR,OpenMP,9.25483
22,-1,-1,0.00073116,8435.36,3083796,roadNet-PA.mtx,CSR,OpenMP,8.435360000000001
23,-1,-1,0.00062821,9817.79,3083796,roadNet-PA.mtx,CSR,OpenMP,9.81779
24,-1,-1,0.00060468,10199.75,3083796,roadNet-PA.mtx,CSR,OpenMP,10.19975
25,-1,-1,0.00058856,10479.06,3083796,roadNet-PA.mtx,CSR,OpenMP,10.479059999999999
26,-1,-1,0.00057641,10700.08,3083796,roadNet-PA.mtx,CSR,OpenMP,10.70008
27,-1,-1,0.00055312,11150.58,3083796,roadNet-PA.mtx,CSR,OpenMP,11.15058
28,-1,-1,0.00055133,11186.73,3083796,roadNet-PA.mtx,CSR,OpenMP,11.186729999999999
29,-1,-1,0.00054757,11263.65,3083796,roadNet-PA.mtx,CSR,OpenMP,11.26365
30,-1,-1,0.00052585,11728.82,3083796,roadNet-PA.mtx,CSR,OpenMP,11.728819999999999
31,-1,-1,0.00051237,12037.34,3083796,roadNet-PA.mtx,CSR,OpenMP,12.03734
32,-1,-1,0.00049909,12357.56,3083796,roadNet-PA.mtx,CSR,OpenMP,12.35756
33,-1,-1,0.00047716,12925.66,3083796,roadNet-PA.mtx,CSR,OpenMP,12.92566
34,-1,-1,0.00045358,13597.69,3083796,roadNet-PA.mtx,CSR,OpenMP,13.59769
35,-1,-1,0.00044925,13728.7,3083796,roadNet-PA.mtx,CSR,OpenMP,13.7287
36,-1,-1,0.00043315,14238.8,3083796,roadNet-PA.mtx,CSR,OpenMP,14.2388
37,-1,-1,0.00049186,12539.24,3083796,roadNet-PA.mtx,CSR,OpenMP,12.53924
38,-1,-1,0.00041118,14999.63,3083796,roadNet-PA.mtx,CSR,OpenMP,14.99963
39,-1,-1,0.00040424,15257.15,3083796,roadNet-PA.mtx,CSR,OpenMP,15.25715
40,-1,-1,0.00164197,3756.22,3083796,roadNet-PA.mtx,CSR,OpenMP,3.75622
1,-1,-1,0.19877442,1279.9,127206144,Cube_Coup_dt0.mtx,CSR,OpenMP,1.2799
2,-1,-1,0.14259218,1784.2,127206144,Cube_Coup_dt0.mtx,CSR,OpenMP,1.7842
3,-1,-1,0.14339733,1774.18,127206144,Cube_Coup_dt0.mtx,CSR,OpenMP,1.77418
4,-1,-1,0.08882497,2864.2,127206144,Cube_Coup_dt0.mtx,CSR,OpenMP,2.8642
5,-1,-1,0.03270121,7779.91,127206144,Cube_Coup_dt0.mtx,CSR,OpenMP,7.77991
6,-1,-1,0.03135494,8113.95,127206144,Cube_Coup_dt0.mtx,CSR,OpenMP,8.113949999999999
7,-1,-1,0.0311631,8163.89,127206144,Cube_Coup_dt0.mtx,CSR,OpenMP,8.16389
8,-1,-1,0.03096552,8215.99,127206144,Cube_Coup_dt0.mtx,CSR,OpenMP,8.21599
9,-1,-1,0.03121127,8151.3,127206144,Cube_Coup_dt0.mtx,CSR,OpenMP,8.1513
10,-1,-1,0.03113347,8171.66,127206144,Cube_Coup_dt0.mtx,CSR,OpenMP,8.17166
11,-1,-1,0.03148228,8081.13,127206144,Cube_Coup_dt0.mtx,CSR,OpenMP,8.08113
12,-1,-1,0.03114243,8169.31,127206144,Cube_Coup_dt0.mtx,CSR,OpenMP,8.169310000000001
13,-1,-1,0.03092191,8227.57,127206144,Cube_Coup_dt0.mtx,CSR,OpenMP,8.22757
14,-1,-1,0.0309304,8225.31,127206144,Cube_Coup_dt0.mtx,CSR,OpenMP,8.22531
15,-1,-1,0.03092509,8226.73,127206144,Cube_Coup_dt0.mtx,CSR,OpenMP,8.22673
16,-1,-1,0.03073085,8278.73,127206144,Cube_Coup_dt0.mtx,CSR,OpenMP,8.27873
17,-1,-1,0.0307621,8270.32,127206144,Cube_Coup_dt0.mtx,CSR,OpenMP,8.27032
18,-1,-1,0.03105989,8191.02,127206144,Cube_Coup_dt0.mtx,CSR,OpenMP,8.19102
19,-1,-1,0.02665764,9543.69,127206144,Cube_Coup_dt0.mtx,CSR,OpenMP,9.54369
20,-1,-1,0.023924,10634.19,127206144,Cube_Coup_dt0.mtx,CSR,OpenMP,10.63419
21,-1,-1,0.02711504,9382.7,127206144,Cube_Coup_dt0.mtx,CSR,OpenMP,9.382700000000002
22,-1,-1,0.02660479,9562.65,127206144,Cube_Coup_dt0.mtx,CSR,OpenMP,9.56265
23,-1,-1,0.02543347,10003.05,127206144,Cube_Coup_dt0.mtx,CSR,OpenMP,10.00305
24,-1,-1,0.02485363,10236.42,127206144,Cube_Coup_dt0.mtx,CSR,OpenMP,10.23642
25,-1,-1,0.02448706,10389.66,127206144,Cube_Coup_dt0.mtx,CSR,OpenMP,10.38966
26,-1,-1,0.02435309,10446.82,127206144,Cube_Coup_dt0.mtx,CSR,OpenMP,10.446819999999999
27,-1,-1,0.02500602,10174.04,127206144,Cube_Coup_dt0.mtx,CSR,OpenMP,10.174040000000002
28,-1,-1,0.02436108,10443.39,127206144,Cube_Coup_dt0.mtx,CSR,OpenMP,10.443389999999999
29,-1,-1,0.02426156,10486.23,127206144,Cube_Coup_dt0.mtx,CSR,OpenMP,10.486229999999999
30,-1,-1,0.02456369,10357.25,127206144,Cube_Coup_dt0.mtx,CSR,OpenMP,10.35725
31,-1,-1,0.02443344,10412.46,127206144,Cube_Coup_dt0.mtx,CSR,OpenMP,10.41246
32,-1,-1,0.02431462,10463.35,127206144,Cube_Coup_dt0.mtx,CSR,OpenMP,10.46335
33,-1,-1,0.02439326,10429.61,127206144,Cube_Coup_dt0.mtx,CSR,OpenMP,10.42961
34,-1,-1,0.02439595,10428.46,127206144,Cube_Coup_dt0.mtx,CSR,OpenMP,10.42846
35,-1,-1,0.02451761,10376.72,127206144,Cube_Coup_dt0.mtx,CSR,OpenMP,10.376719999999999
36,-1,-1,0.02433179,10455.96,127206144,Cube_Coup_dt0.mtx,CSR,OpenMP,10.45596
37,-1,-1,0.02583634,9847.07,127206144,Cube_Coup_dt0.mtx,CSR,OpenMP,9.84707
38,-1,-1,0.02585331,9840.61,127206144,Cube_Coup_dt0.mtx,CSR,OpenMP,9.84061
39,-1,-1,0.02598914,9789.18,127206144,Cube_Coup_dt0.mtx,CSR,OpenMP,9.78918
40,-1,-1,0.02599526,9786.87,127206144,Cube_Coup_dt0.mtx,CSR,OpenMP,9.78687
1,-1,-1,2.962e-05,1646.45,24382,mcfe.mtx,CSR,OpenMP,1.64645
2,-1,-1,2.462e-05,1980.83,24382,mcfe.mtx,CSR,OpenMP,1.9808299999999999
3,-1,-1,0.00011367,428.99,24382,mcfe.mtx,CSR,OpenMP,0.42899
4,-1,-1,1.571e-05,3104.21,24382,mcfe.mtx,CSR,OpenMP,3.10421
5,-1,-1,1.09e-05,4473.07,24382,mcfe.mtx,CSR,OpenMP,4.47307
6,-1,-1,1.002e-05,4868.61,24382,mcfe.mtx,CSR,OpenMP,4.868609999999999
7,-1,-1,1.259e-05,3872.83,24382,mcfe.mtx,CSR,OpenMP,3.87283
8,-1,-1,1.71e-05,2851.69,24382,mcfe.mtx,CSR,OpenMP,2.85169
9,-1,-1,9.98e-06,4887.61,24382,mcfe.mtx,CSR,OpenMP,4.88761
10,-1,-1,1.785e-05,2731.49,24382,mcfe.mtx,CSR,OpenMP,2.73149
11,-1,-1,2.772e-05,1759.17,24382,mcfe.mtx,CSR,OpenMP,1.7591700000000001
12,-1,-1,2.766e-05,1763.27,24382,mcfe.mtx,CSR,OpenMP,1.76327
13,-1,-1,2.723e-05,1790.5,24382,mcfe.mtx,CSR,OpenMP,1.7905
14,-1,-1,3.13e-05,1558.01,24382,mcfe.mtx,CSR,OpenMP,1.55801
15,-1,-1,3.26e-05,1495.8,24382,mcfe.mtx,CSR,OpenMP,1.4958
16,-1,-1,3.239e-05,1505.39,24382,mcfe.mtx,CSR,OpenMP,1.50539
17,-1,-1,4.371e-05,1115.69,24382,mcfe.mtx,CSR,OpenMP,1.11569
18,-1,-1,3.794e-05,1285.34,24382,mcfe.mtx,CSR,OpenMP,1.28534
19,-1,-1,4.04e-05,1207.17,24382,mcfe.mtx,CSR,OpenMP,1.20717
20,-1,-1,4.223e-05,1154.81,24382,mcfe.mtx,CSR,OpenMP,1.15481
21,-1,-1,4.216e-05,1156.55,24382,mcfe.mtx,CSR,OpenMP,1.15655
22,-1,-1,4.408e-05,1106.19,24382,mcfe.mtx,CSR,OpenMP,1.10619
23,-1,-1,5.065e-05,962.73,24382,mcfe.mtx,CSR,OpenMP,0.96273
24,-1,-1,4.652e-05,1048.34,24382,mcfe.mtx,CSR,OpenMP,1.0483399999999998
25,-1,-1,4.775e-05,1021.26,24382,mcfe.mtx,CSR,OpenMP,1.02126
26,-1,-1,5.133e-05,949.95,24382,mcfe.mtx,CSR,OpenMP,0.9499500000000001
27,-1,-1,5.134e-05,949.8,24382,mcfe.mtx,CSR,OpenMP,0.9498
28,-1,-1,5.509e-05,885.14,24382,mcfe.mtx,CSR,OpenMP,0.88514
29,-1,-1,5.82e-05,837.91,24382,mcfe.mtx,CSR,OpenMP,0.8379099999999999
30,-1,-1,5.573e-05,874.94,24382,mcfe.mtx,CSR,OpenMP,0.87494
31,-1,-1,5.96e-05,818.14,24382,mcfe.mtx,CSR,OpenMP,0.81814
32,-1,-1,6.354e-05,767.51,24382,mcfe.mtx,CSR,OpenMP,0.76751
33,-1,-1,6.889e-05,707.87,24382,mcfe.mtx,CSR,OpenMP,0.70787
34,-1,-1,6.405e-05,761.34,24382,mcfe.mtx,CSR,OpenMP,0.76134
35,-1,-1,7.119e-05,685.02,24382,mcfe.mtx,CSR,OpenMP,0.68502
36,-1,-1,6.745e-05,723.0,24382,mcfe.mtx,CSR,OpenMP,0.723
37,-1,-1,8.684e-05,561.52,24382,mcfe.mtx,CSR,OpenMP,0.56152
38,-1,-1,7.902e-05,617.14,24382,mcfe.mtx,CSR,OpenMP,0.61714
39,-1,-1,8.06e-05,604.98,24382,mcfe.mtx,CSR,OpenMP,0.6049800000000001
40,-1,-1,8.468e-05,575.84,24382,mcfe.mtx,CSR,OpenMP,0.57584
1,-1,-1,0.0013107,1943.07,1273389,mac_econ_fwd500.mtx,CSR,OpenMP,1.9430699999999999
2,-1,-1,0.00073848,3448.68,1273389,mac_econ_fwd500.mtx,CSR,OpenMP,3.44868
3,-1,-1,0.00048758,5223.33,1273389,mac_econ_fwd500.mtx,CSR,OpenMP,5.22333
4,-1,-1,0.00036594,6959.48,1273389,mac_econ_fwd500.mtx,CSR,OpenMP,6.959479999999999
5,-1,-1,0.0002948,8639.08,1273389,mac_econ_fwd500.mtx,CSR,OpenMP,8.63908
6,-1,-1,0.0002489,10232.05,1273389,mac_econ_fwd500.mtx,CSR,OpenMP,10.23205
7,-1,-1,0.00026502,9609.81,1273389,mac_econ_fwd500.mtx,CSR,OpenMP,9.60981
8,-1,-1,0.0002007,12689.31,1273389,mac_econ_fwd500.mtx,CSR,OpenMP,12.689309999999999
9,-1,-1,0.00017542,14518.43,1273389,mac_econ_fwd500.mtx,CSR,OpenMP,14.51843
10,-1,-1,0.00016457,15475.53,1273389,mac_econ_fwd500.mtx,CSR,OpenMP,15.475530000000001
11,-1,-1,0.00015746,16174.55,1273389,mac_econ_fwd500.mtx,CSR,OpenMP,16.17455
12,-1,-1,0.00014502,17561.5,1273389,mac_econ_fwd500.mtx,CSR,OpenMP,17.5615
13,-1,-1,0.00013618,18701.94,1273389,mac_econ_fwd500.mtx,CSR,OpenMP,18.70194
14,-1,-1,0.00012924,19705.43,1273389,mac_econ_fwd500.mtx,CSR,OpenMP,19.70543
15,-1,-1,0.00012567,20265.17,1273389,mac_econ_fwd500.mtx,CSR,OpenMP,20.265169999999998
16,-1,-1,0.00011933,21342.28,1273389,mac_econ_fwd500.mtx,CSR,OpenMP,21.34228
17,-1,-1,0.00024031,10597.94,1273389,mac_econ_fwd500.mtx,CSR,OpenMP,10.597940000000001
18,-1,-1,0.00016362,15565.4,1273389,mac_econ_fwd500.mtx,CSR,OpenMP,15.5654
19,-1,-1,0.00020372,12501.4,1273389,mac_econ_fwd500.mtx,CSR,OpenMP,12.5014
20,-1,-1,0.0001754,14520.15,1273389,mac_econ_fwd500.mtx,CSR,OpenMP,14.52015
21,-1,-1,0.00015848,16070.29,1273389,mac_econ_fwd500.mtx,CSR,OpenMP,16.07029
22,-1,-1,0.00015614,16310.79,1273389,mac_econ_fwd500.mtx,CSR,OpenMP,16.31079
23,-1,-1,0.00015093,16874.39,1273389,mac_econ_fwd500.mtx,CSR,OpenMP,16.87439
24,-1,-1,0.00014922,17067.71,1273389,mac_econ_fwd500.mtx,CSR,OpenMP,17.067709999999998
25,-1,-1,0.00014444,17632.59,1273389,mac_econ_fwd500.mtx,CSR,OpenMP,17.63259
26,-1,-1,0.00013993,18200.53,1273389,mac_econ_fwd500.mtx,CSR,OpenMP,18.20053
27,-1,-1,0.00013802,18452.39,1273389,mac_econ_fwd500.mtx,CSR,OpenMP,18.45239
28,-1,-1,0.00013501,18863.74,1273389,mac_econ_fwd500.mtx,CSR,OpenMP,18.86374
29,-1,-1,0.00012969,19637.71,1273389,mac_econ_fwd500.mtx,CSR,OpenMP,19.63771
30,-1,-1,0.00013243,19230.83,1273389,mac_econ_fwd500.mtx,CSR,OpenMP,19.23083
31,-1,-1,0.00013528,18825.82,1273389,mac_econ_fwd500.mtx,CSR,OpenMP,18.82582
32,-1,-1,0.00013275,19184.21,1273389,mac_econ_fwd500.mtx,CSR,OpenMP,19.18421
33,-1,-1,0.00013066,19491.21,1273389,mac_econ_fwd500.mtx,CSR,OpenMP,19.49121
34,-1,-1,0.00012838,19838.41,1273389,mac_econ_fwd500.mtx,CSR,OpenMP,19.83841
35,-1,-1,0.00013281,19175.84,1273389,mac_econ_fwd500.mtx,CSR,OpenMP,19.17584
36,-1,-1,0.00013074,19480.3,1273389,mac_econ_fwd500.mtx,CSR,OpenMP,19.4803
37,-1,-1,0.0002097,12144.62,1273389,mac_econ_fwd500.mtx,CSR,OpenMP,12.144620000000002
38,-1,-1,0.00022749,11195.06,1273389,mac_econ_fwd500.mtx,CSR,OpenMP,11.19506
39,-1,-1,0.00022409,11364.79,1273389,mac_econ_fwd500.mtx,CSR,OpenMP,11.364790000000001
40,-1,-1,0.00021444,11876.15,1273389,mac_econ_fwd500.mtx,CSR,OpenMP,11.876149999999999
1,-1,-1,0.0044339,1807.61,4007383,cant.mtx,CSR,OpenMP,1.80761
2,-1,-1,0.00262226,3056.43,4007383,cant.mtx,CSR,OpenMP,3.0564299999999998
3,-1,-1,0.00160371,4997.63,4007383,cant.mtx,CSR,OpenMP,4.99763
4,-1,-1,0.00123934,6466.94,4007383,cant.mtx,CSR,OpenMP,6.466939999999999
5,-1,-1,0.00101468,7898.82,4007383,cant.mtx,CSR,OpenMP,7.89882
6,-1,-1,0.00084904,9439.79,4007383,cant.mtx,CSR,OpenMP,9.43979
7,-1,-1,0.00075136,10666.95,4007383,cant.mtx,CSR,OpenMP,10.66695
8,-1,-1,0.00070991,11289.81,4007383,cant.mtx,CSR,OpenMP,11.28981
9,-1,-1,0.00065406,12253.9,4007383,cant.mtx,CSR,OpenMP,12.2539
10,-1,-1,0.00061174,13101.55,4007383,cant.mtx,CSR,OpenMP,13.10155
11,-1,-1,0.00054951,14585.23,4007383,cant.mtx,CSR,OpenMP,14.58523
12,-1,-1,0.00049347,16241.49,4007383,cant.mtx,CSR,OpenMP,16.24149
13,-1,-1,0.00045657,17554.44,4007383,cant.mtx,CSR,OpenMP,17.55444
14,-1,-1,0.0004225,18970.02,4007383,cant.mtx,CSR,OpenMP,18.97002
15,-1,-1,0.00039289,20399.59,4007383,cant.mtx,CSR,OpenMP,20.39959
16,-1,-1,0.00036839,21756.03,4007383,cant.mtx,CSR,OpenMP,21.75603
17,-1,-1,0.00040961,19566.75,4007383,cant.mtx,CSR,OpenMP,19.56675
18,-1,-1,0.00040769,19658.96,4007383,cant.mtx,CSR,OpenMP,19.65896
19,-1,-1,0.00042289,18952.29,4007383,cant.mtx,CSR,OpenMP,18.95229
20,-1,-1,0.00037861,21169.0,4007383,cant.mtx,CSR,OpenMP,21.169
21,-1,-1,0.0003747,21390.07,4007383,cant.mtx,CSR,OpenMP,21.39007
22,-1,-1,0.00035619,22501.15,4007383,cant.mtx,CSR,OpenMP,22.501150000000003
23,-1,-1,0.00034755,23060.94,4007383,cant.mtx,CSR,OpenMP,23.06094
24,-1,-1,0.00033495,23928.51,4007383,cant.mtx,CSR,OpenMP,23.92851
25,-1,-1,0.00032581,24599.14,4007383,cant.mtx,CSR,OpenMP,24.59914
26,-1,-1,0.00032042,25013.44,4007383,cant.mtx,CSR,OpenMP,25.01344
27,-1,-1,0.00031327,25584.46,4007383,cant.mtx,CSR,OpenMP,25.58446
28,-1,-1,0.00030688,26117.01,4007383,cant.mtx,CSR,OpenMP,26.117009999999997
29,-1,-1,0.00029931,26777.03,4007383,cant.mtx,CSR,OpenMP,26.77703
30,-1,-1,0.00030219,26522.06,4007383,cant.mtx,CSR,OpenMP,26.52206
31,-1,-1,0.00030113,26615.66,4007383,cant.mtx,CSR,OpenMP,26.61566
32,-1,-1,0.00028863,27768.73,4007383,cant.mtx,CSR,OpenMP,27.768729999999998
33,-1,-1,0.000281,28522.63,4007383,cant.mtx,CSR,OpenMP,28.52263
34,-1,-1,0.00027409,29241.3,4007383,cant.mtx,CSR,OpenMP,29.2413
35,-1,-1,0.00027443,29204.82,4007383,cant.mtx,CSR,OpenMP,29.204819999999998
36,-1,-1,0.00026847,29853.39,4007383,cant.mtx,CSR,OpenMP,29.85339
37,-1,-1,0.00051902,15442.2,4007383,cant.mtx,CSR,OpenMP,15.442200000000001
38,-1,-1,0.00047694,16804.62,4007383,cant.mtx,CSR,OpenMP,16.80462
39,-1,-1,0.00049237,16278.03,4007383,cant.mtx,CSR,OpenMP,16.27803
40,-1,-1,0.00049723,16118.74,4007383,cant.mtx,CSR,OpenMP,16.11874
1,-1,-1,9.41e-06,1563.26,7353,west2021.mtx,CSR,OpenMP,1.56326
2,-1,-1,1.581e-05,930.03,7353,west2021.mtx,CSR,OpenMP,0.93003
3,-1,-1,0.00010431,140.98,7353,west2021.mtx,CSR,OpenMP,0.14098
4,-1,-1,8.39e-06,1752.74,7353,west2021.mtx,CSR,OpenMP,1.75274
5,-1,-1,6.64e-06,2213.97,7353,west2021.mtx,CSR,OpenMP,2.2139699999999998
6,-1,-1,7.88e-06,1867.32,7353,west2021.mtx,CSR,OpenMP,1.8673199999999999
7,-1,-1,4.834e-05,304.24,7353,west2021.mtx,CSR,OpenMP,0.30424
8,-1,-1,8.63e-06,1703.83,7353,west2021.mtx,CSR,OpenMP,1.70383
9,-1,-1,1.483e-05,991.4,7353,west2021.mtx,CSR,OpenMP,0.9914
10,-1,-1,1.492e-05,985.42,7353,west2021.mtx,CSR,OpenMP,0.98542
11,-1,-1,2.575e-05,571.12,7353,west2021.mtx,CSR,OpenMP,0.57112
12,-1,-1,2.663e-05,552.2,7353,west2021.mtx,CSR,OpenMP,0.5522
13,-1,-1,2.615e-05,562.35,7353,west2021.mtx,CSR,OpenMP,0.56235
14,-1,-1,2.853e-05,515.37,7353,west2021.mtx,CSR,OpenMP,0.51537
15,-1,-1,2.979e-05,493.71,7353,west2021.mtx,CSR,OpenMP,0.49371
16,-1,-1,3.193e-05,460.59,7353,west2021.mtx,CSR,OpenMP,0.46059
17,-1,-1,3.662e-05,401.63,7353,west2021.mtx,CSR,OpenMP,0.40163
18,-1,-1,3.668e-05,400.87,7353,west2021.mtx,CSR,OpenMP,0.40087
19,-1,-1,3.844e-05,382.52,7353,west2021.mtx,CSR,OpenMP,0.38251999999999997
20,-1,-1,4.242e-05,346.69,7353,west2021.mtx,CSR,OpenMP,0.34669
21,-1,-1,4.212e-05,349.14,7353,west2021.mtx,CSR,OpenMP,0.34914
22,-1,-1,4.598e-05,319.82,7353,west2021.mtx,CSR,OpenMP,0.31982
23,-1,-1,4.598e-05,319.85,7353,west2021.mtx,CSR,OpenMP,0.31985
24,-1,-1,4.753e-05,309.38,7353,west2021.mtx,CSR,OpenMP,0.30938
25,-1,-1,4.752e-05,309.45,7353,west2021.mtx,CSR,OpenMP,0.30945
26,-1,-1,5.158e-05,285.13,7353,west2021.mtx,CSR,OpenMP,0.28513
27,-1,-1,5.306e-05,277.17,7353,west2021.mtx,CSR,OpenMP,0.27717
28,-1,-1,5.634e-05,261.0,7353,west2021.mtx,CSR,OpenMP,0.261
29,-1,-1,5.215e-05,282.01,7353,west2021.mtx,CSR,OpenMP,0.28201
30,-1,-1,5.292e-05,277.88,7353,west2021.mtx,CSR,OpenMP,0.27788
31,-1,-1,6.483e-05,226.85,7353,west2021.mtx,CSR,OpenMP,0.22685
32,-1,-1,6.185e-05,237.76,7353,west2021.mtx,CSR,OpenMP,0.23776
33,-1,-1,6.48e-05,226.95,7353,west2021.mtx,CSR,OpenMP,0.22694999999999999
34,-1,-1,6.595e-05,222.98,7353,west2021.mtx,CSR,OpenMP,0.22297999999999998
35,-1,-1,6.722e-05,218.78,7353,west2021.mtx,CSR,OpenMP,0.21878
36,-1,-1,7.058e-05,208.37,7353,west2021.mtx,CSR,OpenMP,0.20837
37,-1,-1,0.00015707,93.63,7353,west2021.mtx,CSR,OpenMP,0.09362999999999999
38,-1,-1,9.121e-05,161.23,7353,west2021.mtx,CSR,OpenMP,0.16122999999999998
39,-1,-1,8.755e-05,167.98,7353,west2021.mtx,CSR,OpenMP,0.16798
40,-1,-1,9.632e-05,152.68,7353,west2021.mtx,CSR,OpenMP,0.15268
1,-1,-1,8.842e-05,1727.41,76367,cavity10.mtx,CSR,OpenMP,1.7274100000000001
2,-1,-1,6.25e-05,2443.76,76367,cavity10.mtx,CSR,OpenMP,2.44376
3,-1,-1,7.987e-05,1912.25,76367,cavity10.mtx,CSR,OpenMP,1.91225
4,-1,-1,2.954e-05,5170.3,76367,cavity10.mtx,CSR,OpenMP,5.1703
5,-1,-1,2.303e-05,6632.94,76367,cavity10.mtx,CSR,OpenMP,6.63294
6,-1,-1,1.972e-05,7746.23,76367,cavity10.mtx,CSR,OpenMP,7.74623
7,-1,-1,2.049e-05,7455.01,76367,cavity10.mtx,CSR,OpenMP,7.455010000000001
8,-1,-1,2.265e-05,6744.51,76367,cavity10.mtx,CSR,OpenMP,6.74451
9,-1,-1,2.316e-05,6593.85,76367,cavity10.mtx,CSR,OpenMP,6.593850000000001
10,-1,-1,2.209e-05,6915.67,76367,cavity10.mtx,CSR,OpenMP,6.91567
11,-1,-1,3.437e-05,4443.52,76367,cavity10.mtx,CSR,OpenMP,4.44352
12,-1,-1,3.307e-05,4618.23,76367,cavity10.mtx,CSR,OpenMP,4.61823
13,-1,-1,3.457e-05,4417.54,76367,cavity10.mtx,CSR,OpenMP,4.41754
14,-1,-1,3.678e-05,4152.18,76367,cavity10.mtx,CSR,OpenMP,4.15218
15,-1,-1,3.431e-05,4451.02,76367,cavity10.mtx,CSR,OpenMP,4.451020000000001
16,-1,-1,3.695e-05,4133.11,76367,cavity10.mtx,CSR,OpenMP,4.133109999999999
17,-1,-1,5.532e-05,2760.81,76367,cavity10.mtx,CSR,OpenMP,2.7608099999999998
18,-1,-1,4.001e-05,3817.41,76367,cavity10.mtx,CSR,OpenMP,3.8174099999999997
19,-1,-1,4.244e-05,3599.06,76367,cavity10.mtx,CSR,OpenMP,3.59906
20,-1,-1,4.527e-05,3373.95,76367,cavity10.mtx,CSR,OpenMP,3.37395
21,-1,-1,4.368e-05,3496.71,76367,cavity10.mtx,CSR,OpenMP,3.49671
22,-1,-1,4.804e-05,3179.42,76367,cavity10.mtx,CSR,OpenMP,3.17942
23,-1,-1,4.605e-05,3317.0,76367,cavity10.mtx,CSR,OpenMP,3.317
24,-1,-1,4.891e-05,3122.96,76367,cavity10.mtx,CSR,OpenMP,3.12296
25,-1,-1,5.151e-05,2964.95,76367,cavity10.mtx,CSR,OpenMP,2.96495
26,-1,-1,4.991e-05,3060.28,76367,cavity10.mtx,CSR,OpenMP,3.06028
27,-1,-1,5.273e-05,2896.34,76367,cavity10.mtx,CSR,OpenMP,2.8963400000000004
28,-1,-1,5.651e-05,2702.72,76367,cavity10.mtx,CSR,OpenMP,2.70272
29,-1,-1,5.448e-05,2803.64,76367,cavity10.mtx,CSR,OpenMP,2.8036399999999997
30,-1,-1,6.403e-05,2385.2,76367,cavity10.mtx,CSR,OpenMP,2.3851999999999998
31,-1,-1,5.696e-05,2681.33,76367,cavity10.mtx,CSR,OpenMP,2.68133
32,-1,-1,7.003e-05,2180.93,76367,cavity10.mtx,CSR,OpenMP,2.18093
33,-1,-1,6.388e-05,2390.94,76367,cavity10.mtx,CSR,OpenMP,2.39094
34,-1,-1,6.519e-05,2342.86,76367,cavity10.mtx,CSR,OpenMP,2.34286
35,-1,-1,7.188e-05,2124.7,76367,cavity10.mtx,CSR,OpenMP,2.1247
36,-1,-1,7.229e-05,2112.72,76367,cavity10.mtx,CSR,OpenMP,2.11272
37,-1,-1,9.262e-05,1649.11,76367,cavity10.mtx,CSR,OpenMP,1.6491099999999999
38,-1,-1,8.784e-05,1738.75,76367,cavity10.mtx,CSR,OpenMP,1.73875
39,-1,-1,8.502e-05,1796.34,76367,cavity10.mtx,CSR,OpenMP,1.7963399999999998
40,-1,-1,9.162e-05,1667.1,76367,cavity10.mtx,CSR,OpenMP,1.6670999999999998
1,-1,-1,0.00288426,1819.76,2624331,cop20k_A.mtx,CSR,OpenMP,1.81976
2,-1,-1,0.0017342,3026.56,2624331,cop20k_A.mtx,CSR,OpenMP,3.02656
3,-1,-1,0.00113518,4623.65,2624331,cop20k_A.mtx,CSR,OpenMP,4.62365
4,-1,-1,0.0008152,6438.47,2624331,cop20k_A.mtx,CSR,OpenMP,6.438470000000001
5,-1,-1,0.00069616,7539.5,2624331,cop20k_A.mtx,CSR,OpenMP,7.5395
6,-1,-1,0.00057455,9135.25,2624331,cop20k_A.mtx,CSR,OpenMP,9.13525
7,-1,-1,0.00055063,9532.03,2624331,cop20k_A.mtx,CSR,OpenMP,9.53203
8,-1,-1,0.0004651,11284.95,2624331,cop20k_A.mtx,CSR,OpenMP,11.28495
9,-1,-1,0.00043382,12098.79,2624331,cop20k_A.mtx,CSR,OpenMP,12.098790000000001
10,-1,-1,0.00040292,13026.47,2624331,cop20k_A.mtx,CSR,OpenMP,13.02647
11,-1,-1,0.0003951,13284.29,2624331,cop20k_A.mtx,CSR,OpenMP,13.28429
12,-1,-1,0.00033654,15595.75,2624331,cop20k_A.mtx,CSR,OpenMP,15.59575
13,-1,-1,0.00031726,16543.79,2624331,cop20k_A.mtx,CSR,OpenMP,16.54379
14,-1,-1,0.00028038,18720.1,2624331,cop20k_A.mtx,CSR,OpenMP,18.7201
15,-1,-1,0.00027232,19273.94,2624331,cop20k_A.mtx,CSR,OpenMP,19.27394
16,-1,-1,0.00026638,19703.34,2624331,cop20k_A.mtx,CSR,OpenMP,19.70334
17,-1,-1,0.0003186,16474.22,2624331,cop20k_A.mtx,CSR,OpenMP,16.474220000000003
18,-1,-1,0.00029213,17967.09,2624331,cop20k_A.mtx,CSR,OpenMP,17.96709
19,-1,-1,0.00028546,18386.46,2624331,cop20k_A.mtx,CSR,OpenMP,18.38646
20,-1,-1,0.00026917,19499.6,2624331,cop20k_A.mtx,CSR,OpenMP,19.499599999999997
21,-1,-1,0.0002709,19374.59,2624331,cop20k_A.mtx,CSR,OpenMP,19.37459
22,-1,-1,0.00026403,19879.11,2624331,cop20k_A.mtx,CSR,OpenMP,19.87911
23,-1,-1,0.00026305,19953.08,2624331,cop20k_A.mtx,CSR,OpenMP,19.953080000000003
24,-1,-1,0.00025956,20221.05,2624331,cop20k_A.mtx,CSR,OpenMP,20.221049999999998
25,-1,-1,0.00025298,20747.66,2624331,cop20k_A.mtx,CSR,OpenMP,20.74766
26,-1,-1,0.00025079,20928.82,2624331,cop20k_A.mtx,CSR,OpenMP,20.928819999999998
27,-1,-1,0.00024263,21632.07,2624331,cop20k_A.mtx,CSR,OpenMP,21.63207
28,-1,-1,0.00023546,22291.33,2624331,cop20k_A.mtx,CSR,OpenMP,22.291330000000002
29,-1,-1,0.00023631,22210.74,2624331,cop20k_A.mtx,CSR,OpenMP,22.21074
30,-1,-1,0.00023527,22309.49,2624331,cop20k_A.mtx,CSR,OpenMP,22.30949
31,-1,-1,0.00023143,22679.67,2624331,cop20k_A.mtx,CSR,OpenMP,22.679669999999998
32,-1,-1,0.00023338,22489.49,2624331,cop20k_A.mtx,CSR,OpenMP,22.48949
33,-1,-1,0.0002337,22459.01,2624331,cop20k_A.mtx,CSR,OpenMP,22.45901
34,-1,-1,0.00023102,22719.7,2624331,cop20k_A.mtx,CSR,OpenMP,22.7197
35,-1,-1,0.00022963,22856.68,2624331,cop20k_A.mtx,CSR,OpenMP,22.85668
36,-1,-1,0.00027961,18771.06,2624331,cop20k_A.mtx,CSR,OpenMP,18.771060000000002
37,-1,-1,0.00037966,13824.72,2624331,cop20k_A.mtx,CSR,OpenMP,13.82472
38,-1,-1,0.00037697,13923.15,2624331,cop20k_A.mtx,CSR,OpenMP,13.92315
39,-1,-1,0.00032908,15949.41,2624331,cop20k_A.mtx,CSR,OpenMP,15.94941
40,-1,-1,0.00037456,14012.98,2624331,cop20k_A.mtx,CSR,OpenMP,14.012979999999999
1,-1,-1,0.00861146,1900.99,8185136,PR02R.mtx,CSR,OpenMP,1.90099
2,-1,-1,0.00484084,3381.7,8185136,PR02R.mtx,CSR,OpenMP,3.3817
3,-1,-1,0.00313607,5219.99,8185136,PR02R.mtx,CSR,OpenMP,5.21999
4,-1,-1,0.00249972,6548.83,8185136,PR02R.mtx,CSR,OpenMP,6.54883
5,-1,-1,0.00201851,8110.09,8185136,PR02R.mtx,CSR,OpenMP,8.11009
6,-1,-1,0.00176956,9251.04,8185136,PR02R.mtx,CSR,OpenMP,9.251040000000001
7,-1,-1,0.00172808,9473.12,8185136,PR02R.mtx,CSR,OpenMP,9.473120000000002
8,-1,-1,0.00172108,9511.61,8185136,PR02R.mtx,CSR,OpenMP,9.511610000000001
9,-1,-1,0.00166931,9806.61,8185136,PR02R.mtx,CSR,OpenMP,9.806610000000001
10,-1,-1,0.0016789,9750.57,8185136,PR02R.mtx,CSR,OpenMP,9.75057
11,-1,-1,0.00154439,10599.85,8185136,PR02R.mtx,CSR,OpenMP,10.59985
12,-1,-1,0.00138395,11828.69,8185136,PR02R.mtx,CSR,OpenMP,11.82869
13,-1,-1,0.00128641,12725.55,8185136,PR02R.mtx,CSR,OpenMP,12.72555
14,-1,-1,0.00126516,12939.29,8185136,PR02R.mtx,CSR,OpenMP,12.939290000000002
15,-1,-1,0.00128832,12706.67,8185136,PR02R.mtx,CSR,OpenMP,12.70667
16,-1,-1,0.00129115,12678.83,8185136,PR02R.mtx,CSR,OpenMP,12.67883
17,-1,-1,0.00127191,12870.66,8185136,PR02R.mtx,CSR,OpenMP,12.870659999999999
18,-1,-1,0.00126824,12907.87,8185136,PR02R.mtx,CSR,OpenMP,12.90787
19,-1,-1,0.00127315,12858.11,8185136,PR02R.mtx,CSR,OpenMP,12.85811
20,-1,-1,0.00128074,12781.89,8185136,PR02R.mtx,CSR,OpenMP,12.781889999999999
21,-1,-1,0.00142099,11520.35,8185136,PR02R.mtx,CSR,OpenMP,11.52035
22,-1,-1,0.00138501,11819.59,8185136,PR02R.mtx,CSR,OpenMP,11.81959
23,-1,-1,0.00133451,12266.9,8185136,PR02R.mtx,CSR,OpenMP,12.2669
24,-1,-1,0.00128195,12769.85,8185136,PR02R.mtx,CSR,OpenMP,12.76985
25,-1,-1,0.00126118,12980.1,8185136,PR02R.mtx,CSR,OpenMP,12.9801
26,-1,-1,0.00124906,13106.04,8185136,PR02R.mtx,CSR,OpenMP,13.10604
27,-1,-1,0.00123448,13260.82,8185136,PR02R.mtx,CSR,OpenMP,13.260819999999999
28,-1,-1,0.00122375,13377.16,8185136,PR02R.mtx,CSR,OpenMP,13.37716
29,-1,-1,0.00123314,13275.31,8185136,PR02R.mtx,CSR,OpenMP,13.27531
30,-1,-1,0.00124677,13130.1,8185136,PR02R.mtx,CSR,OpenMP,13.1301
31,-1,-1,0.00126721,12918.32,8185136,PR02R.mtx,CSR,OpenMP,12.91832
32,-1,-1,0.00128776,12712.16,8185136,PR02R.mtx,CSR,OpenMP,12.712159999999999
33,-1,-1,0.00132079,12394.34,8185136,PR02R.mtx,CSR,OpenMP,12.39434
34,-1,-1,0.00131568,12442.4,8185136,PR02R.mtx,CSR,OpenMP,12.4424
35,-1,-1,0.00135832,12051.82,8185136,PR02R.mtx,CSR,OpenMP,12.05182
36,-1,-1,0.00137227,11929.34,8185136,PR02R.mtx,CSR,OpenMP,11.92934
37,-1,-1,0.00150053,10909.63,8185136,PR02R.mtx,CSR,OpenMP,10.90963
38,-1,-1,0.0015452,10594.26,8185136,PR02R.mtx,CSR,OpenMP,10.59426
39,-1,-1,0.00158266,10343.49,8185136,PR02R.mtx,CSR,OpenMP,10.34349
40,-1,-1,0.00171614,9539.03,8185136,PR02R.mtx,CSR,OpenMP,9.53903
1,-1,-1,0.005082,1222.17,3105536,webbase-1M.mtx,CSR,OpenMP,1.22217
2,-1,-1,0.00307928,2017.05,3105536,webbase-1M.mtx,CSR,OpenMP,2.01705
3,-1,-1,0.00205947,3015.86,3105536,webbase-1M.mtx,CSR,OpenMP,3.01586
4,-1,-1,0.00159357,3897.59,3105536,webbase-1M.mtx,CSR,OpenMP,3.89759
5,-1,-1,0.00127859,4857.73,3105536,webbase-1M.mtx,CSR,OpenMP,4.857729999999999
6,-1,-1,0.00117787,5273.15,3105536,webbase-1M.mtx,CSR,OpenMP,5.273149999999999
7,-1,-1,0.00112514,5520.25,3105536,webbase-1M.mtx,CSR,OpenMP,5.52025
8,-1,-1,0.00101483,6120.29,3105536,webbase-1M.mtx,CSR,OpenMP,6.12029
9,-1,-1,0.00096554,6432.75,3105536,webbase-1M.mtx,CSR,OpenMP,6.43275
10,-1,-1,0.0009397,6609.66,3105536,webbase-1M.mtx,CSR,OpenMP,6.60966
11,-1,-1,0.00083784,7413.21,3105536,webbase-1M.mtx,CSR,OpenMP,7.41321
12,-1,-1,0.000749,8292.45,3105536,webbase-1M.mtx,CSR,OpenMP,8.29245
13,-1,-1,0.00062346,9962.22,3105536,webbase-1M.mtx,CSR,OpenMP,9.962219999999999
14,-1,-1,0.00055821,11126.74,3105536,webbase-1M.mtx,CSR,OpenMP,11.12674
15,-1,-1,0.00050854,12213.45,3105536,webbase-1M.mtx,CSR,OpenMP,12.21345
16,-1,-1,0.00048064,12922.63,3105536,webbase-1M.mtx,CSR,OpenMP,12.92263
17,-1,-1,0.00048571,12787.69,3105536,webbase-1M.mtx,CSR,OpenMP,12.787690000000001
18,-1,-1,0.00047531,13067.34,3105536,webbase-1M.mtx,CSR,OpenMP,13.06734
19,-1,-1,0.00053532,11602.59,3105536,webbase-1M.mtx,CSR,OpenMP,11.60259
20,-1,-1,0.00050542,12288.95,3105536,webbase-1M.mtx,CSR,OpenMP,12.288950000000002
21,-1,-1,0.0004886,12711.96,3105536,webbase-1M.mtx,CSR,OpenMP,12.71196
22,-1,-1,0.00049066,12658.5,3105536,webbase-1M.mtx,CSR,OpenMP,12.6585
23,-1,-1,0.0004819,12888.68,3105536,webbase-1M.mtx,CSR,OpenMP,12.88868
24,-1,-1,0.00049459,12557.98,3105536,webbase-1M.mtx,CSR,OpenMP,12.557979999999999
25,-1,-1,0.00047934,12957.57,3105536,webbase-1M.mtx,CSR,OpenMP,12.95757
26,-1,-1,0.00048953,12687.76,3105536,webbase-1M.mtx,CSR,OpenMP,12.68776
27,-1,-1,0.00047935,12957.37,3105536,webbase-1M.mtx,CSR,OpenMP,12.957370000000001
28,-1,-1,0.00048579,12785.43,3105536,webbase-1M.mtx,CSR,OpenMP,12.78543
29,-1,-1,0.00048447,12820.26,3105536,webbase-1M.mtx,CSR,OpenMP,12.820260000000001
30,-1,-1,0.00048149,12899.62,3105536,webbase-1M.mtx,CSR,OpenMP,12.89962
31,-1,-1,0.00049366,12581.64,3105536,webbase-1M.mtx,CSR,OpenMP,12.58164
32,-1,-1,0.0004523,13732.12,3105536,webbase-1M.mtx,CSR,OpenMP,13.73212
33,-1,-1,0.00042664,14558.01,3105536,webbase-1M.mtx,CSR,OpenMP,14.55801
34,-1,-1,0.00039497,15725.36,3105536,webbase-1M.mtx,CSR,OpenMP,15.72536
35,-1,-1,0.00039372,15775.18,3105536,webbase-1M.mtx,CSR,OpenMP,15.77518
36,-1,-1,0.00038667,16062.88,3105536,webbase-1M.mtx,CSR,OpenMP,16.06288
37,-1,-1,0.00056589,10975.82,3105536,webbase-1M.mtx,CSR,OpenMP,10.97582
38,-1,-1,0.00056248,11042.21,3105536,webbase-1M.mtx,CSR,OpenMP,11.042209999999999
39,-1,-1,0.0005697,10902.37,3105536,webbase-1M.mtx,CSR,OpenMP,10.902370000000001
40,-1,-1,0.00058499,10617.4,3105536,webbase-1M.mtx,CSR,OpenMP,10.6174
1,-1,-1,0.00011086,1844.63,102252,mhd4800a.mtx,CSR,OpenMP,1.8446300000000002
2,-1,-1,7.885e-05,2593.56,102252,mhd4800a.mtx,CSR,OpenMP,2.59356
3,-1,-1,9.02e-05,2267.13,102252,mhd4800a.mtx,CSR,OpenMP,2.2671300000000003
4,-1,-1,3.43e-05,5962.95,102252,mhd4800a.mtx,CSR,OpenMP,5.96295
5,-1,-1,2.726e-05,7502.08,102252,mhd4800a.mtx,CSR,OpenMP,7.50208
6,-1,-1,2.341e-05,8735.51,102252,mhd4800a.mtx,CSR,OpenMP,8.73551
7,-1,-1,2.392e-05,8549.67,102252,mhd4800a.mtx,CSR,OpenMP,8.54967
8,-1,-1,2.847e-05,7182.21,102252,mhd4800a.mtx,CSR,OpenMP,7.18221
9,-1,-1,1.928e-05,10606.31,102252,mhd4800a.mtx,CSR,OpenMP,10.606309999999999
10,-1,-1,2.519e-05,8119.11,102252,mhd4800a.mtx,CSR,OpenMP,8.11911
11,-1,-1,3.751e-05,5452.62,102252,mhd4800a.mtx,CSR,OpenMP,5.45262
12,-1,-1,3.494e-05,5853.71,102252,mhd4800a.mtx,CSR,OpenMP,5.85371
13,-1,-1,3.512e-05,5823.78,102252,mhd4800a.mtx,CSR,OpenMP,5.82378
14,-1,-1,3.626e-05,5639.45,102252,mhd4800a.mtx,CSR,OpenMP,5.63945
15,-1,-1,3.715e-05,5505.33,102252,mhd4800a.mtx,CSR,OpenMP,5.50533
16,-1,-1,3.637e-05,5623.45,102252,mhd4800a.mtx,CSR,OpenMP,5.62345
17,-1,-1,0.00013764,1485.76,102252,mhd4800a.mtx,CSR,OpenMP,1.48576
18,-1,-1,4.787e-05,4271.74,102252,mhd4800a.mtx,CSR,OpenMP,4.271739999999999
19,-1,-1,4.862e-05,4205.99,102252,mhd4800a.mtx,CSR,OpenMP,4.20599
20,-1,-1,5.265e-05,3884.0,102252,mhd4800a.mtx,CSR,OpenMP,3.884
21,-1,-1,5.321e-05,3843.35,102252,mhd4800a.mtx,CSR,OpenMP,3.84335
22,-1,-1,4.929e-05,4148.68,102252,mhd4800a.mtx,CSR,OpenMP,4.148680000000001
23,-1,-1,4.929e-05,4149.26,102252,mhd4800a.mtx,CSR,OpenMP,4.14926
24,-1,-1,6.051e-05,3379.66,102252,mhd4800a.mtx,CSR,OpenMP,3.37966
25,-1,-1,5.445e-05,3755.91,102252,mhd4800a.mtx,CSR,OpenMP,3.7559099999999996
26,-1,-1,5.952e-05,3435.87,102252,mhd4800a.mtx,CSR,OpenMP,3.43587
27,-1,-1,6.622e-05,3088.22,102252,mhd4800a.mtx,CSR,OpenMP,3.0882199999999997
28,-1,-1,5.764e-05,3548.2,102252,mhd4800a.mtx,CSR,OpenMP,3.5482
29,-1,-1,5.72e-05,3575.47,102252,mhd4800a.mtx,CSR,OpenMP,3.5754699999999997
30,-1,-1,6.147e-05,3326.92,102252,mhd4800a.mtx,CSR,OpenMP,3.32692
31,-1,-1,6.263e-05,3265.26,102252,mhd4800a.mtx,CSR,OpenMP,3.26526
32,-1,-1,6.155e-05,3322.45,102252,mhd4800a.mtx,CSR,OpenMP,3.32245
33,-1,-1,6.816e-05,3000.51,102252,mhd4800a.mtx,CSR,OpenMP,3.0005100000000002
34,-1,-1,6.818e-05,2999.68,102252,mhd4800a.mtx,CSR,OpenMP,2.9996799999999997
35,-1,-1,7.098e-05,2881.19,102252,mhd4800a.mtx,CSR,OpenMP,2.88119
36,-1,-1,7.173e-05,2851.01,102252,mhd4800a.mtx,CSR,OpenMP,2.85101
37,-1,-1,8.788e-05,2326.96,102252,mhd4800a.mtx,CSR,OpenMP,2.32696
38,-1,-1,9.508e-05,2150.9,102252,mhd4800a.mtx,CSR,OpenMP,2.1509
39,-1,-1,9.374e-05,2181.5,102252,mhd4800a.mtx,CSR,OpenMP,2.1815
40,-1,-1,9.453e-05,2163.3,102252,mhd4800a.mtx,CSR,OpenMP,2.1633
1,-1,-1,0.01836454,1911.37,17550675,af_1_k101.mtx,CSR,OpenMP,1.9113699999999998
2,-1,-1,0.01001833,3503.71,17550675,af_1_k101.mtx,CSR,OpenMP,3.50371
3,-1,-1,0.00667416,5259.29,17550675,af_1_k101.mtx,CSR,OpenMP,5.25929
4,-1,-1,0.00518431,6770.69,17550675,af_1_k101.mtx,CSR,OpenMP,6.770689999999999
5,-1,-1,0.00436057,8049.71,17550675,af_1_k101.mtx,CSR,OpenMP,8.04971
6,-1,-1,0.00414112,8476.3,17550675,af_1_k101.mtx,CSR,OpenMP,8.476299999999998
7,-1,-1,0.00420179,8353.91,17550675,af_1_k101.mtx,CSR,OpenMP,8.353909999999999
8,-1,-1,0.00408936,8583.57,17550675,af_1_k101.mtx,CSR,OpenMP,8.58357
9,-1,-1,0.00402159,8728.22,17550675,af_1_k101.mtx,CSR,OpenMP,8.728219999999999
10,-1,-1,0.00402711,8716.26,17550675,af_1_k101.mtx,CSR,OpenMP,8.71626
11,-1,-1,0.00390427,8990.49,17550675,af_1_k101.mtx,CSR,OpenMP,8.99049
12,-1,-1,0.00376933,9312.36,17550675,af_1_k101.mtx,CSR,OpenMP,9.31236
13,-1,-1,0.00370686,9469.3,17550675,af_1_k101.mtx,CSR,OpenMP,9.469299999999999
14,-1,-1,0.00372307,9428.05,17550675,af_1_k101.mtx,CSR,OpenMP,9.428049999999999
15,-1,-1,0.00373829,9389.68,17550675,af_1_k101.mtx,CSR,OpenMP,9.38968
16,-1,-1,0.00374138,9381.92,17550675,af_1_k101.mtx,CSR,OpenMP,9.381920000000001
17,-1,-1,0.00389235,9018.03,17550675,af_1_k101.mtx,CSR,OpenMP,9.018030000000001
18,-1,-1,0.00384331,9133.1,17550675,af_1_k101.mtx,CSR,OpenMP,9.1331
19,-1,-1,0.00380715,9219.85,17550675,af_1_k101.mtx,CSR,OpenMP,9.219850000000001
20,-1,-1,0.00389404,9014.12,17550675,af_1_k101.mtx,CSR,OpenMP,9.01412
21,-1,-1,0.00407269,8618.71,17550675,af_1_k101.mtx,CSR,OpenMP,8.618709999999998
22,-1,-1,0.00401186,8749.4,17550675,af_1_k101.mtx,CSR,OpenMP,8.7494
23,-1,-1,0.00390475,8989.39,17550675,af_1_k101.mtx,CSR,OpenMP,8.98939
24,-1,-1,0.00393432,8921.84,17550675,af_1_k101.mtx,CSR,OpenMP,8.92184
25,-1,-1,0.00393502,8920.26,17550675,af_1_k101.mtx,CSR,OpenMP,8.92026
26,-1,-1,0.00389382,9014.62,17550675,af_1_k101.mtx,CSR,OpenMP,9.01462
27,-1,-1,0.00388816,9027.76,17550675,af_1_k101.mtx,CSR,OpenMP,9.02776
28,-1,-1,0.00390033,8999.59,17550675,af_1_k101.mtx,CSR,OpenMP,8.99959
29,-1,-1,0.00389583,9009.98,17550675,af_1_k101.mtx,CSR,OpenMP,9.009979999999999
30,-1,-1,0.0039797,8820.09,17550675,af_1_k101.mtx,CSR,OpenMP,8.82009
31,-1,-1,0.00403233,8704.99,17550675,af_1_k101.mtx,CSR,OpenMP,8.70499
32,-1,-1,0.00411138,8537.6,17550675,af_1_k101.mtx,CSR,OpenMP,8.537600000000001
33,-1,-1,0.00431855,8128.05,17550675,af_1_k101.mtx,CSR,OpenMP,8.12805
34,-1,-1,0.00425828,8243.08,17550675,af_1_k101.mtx,CSR,OpenMP,8.243079999999999
35,-1,-1,0.00406359,8638.02,17550675,af_1_k101.mtx,CSR,OpenMP,8.638020000000001
36,-1,-1,0.004045,8677.72,17550675,af_1_k101.mtx,CSR,OpenMP,8.677719999999999
37,-1,-1,0.00407909,8605.19,17550675,af_1_k101.mtx,CSR,OpenMP,8.60519
38,-1,-1,0.00433373,8099.57,17550675,af_1_k101.mtx,CSR,OpenMP,8.09957
39,-1,-1,0.00432366,8118.44,17550675,af_1_k101.mtx,CSR,OpenMP,8.11844
40,-1,-1,0.00456503,7689.18,17550675,af_1_k101.mtx,CSR,OpenMP,7.68918
1,-1,-1,0.00043693,1962.11,428650,bcsstk17.mtx,CSR,OpenMP,1.9621099999999998
2,-1,-1,0.00027506,3116.77,428650,bcsstk17.mtx,CSR,OpenMP,3.11677
3,-1,-1,0.0001758,4876.5,428650,bcsstk17.mtx,CSR,OpenMP,4.8765
4,-1,-1,0.00013479,6360.04,428650,bcsstk17.mtx,CSR,OpenMP,6.36004
5,-1,-1,0.00010983,7805.61,428650,bcsstk17.mtx,CSR,OpenMP,7.80561
6,-1,-1,9.248e-05,9270.47,428650,bcsstk17.mtx,CSR,OpenMP,9.27047
7,-1,-1,8.456e-05,10138.88,428650,bcsstk17.mtx,CSR,OpenMP,10.138879999999999
8,-1,-1,7.477e-05,11465.53,428650,bcsstk17.mtx,CSR,OpenMP,11.465530000000001
9,-1,-1,6.875e-05,12469.34,428650,bcsstk17.mtx,CSR,OpenMP,12.46934
10,-1,-1,6.263e-05,13688.26,428650,bcsstk17.mtx,CSR,OpenMP,13.68826
11,-1,-1,7.343e-05,11674.69,428650,bcsstk17.mtx,CSR,OpenMP,11.67469
12,-1,-1,6.761e-05,12680.3,428650,bcsstk17.mtx,CSR,OpenMP,12.680299999999999
13,-1,-1,6.652e-05,12887.8,428650,bcsstk17.mtx,CSR,OpenMP,12.887799999999999
14,-1,-1,6.375e-05,13447.3,428650,bcsstk17.mtx,CSR,OpenMP,13.447299999999998
15,-1,-1,6.196e-05,13836.15,428650,bcsstk17.mtx,CSR,OpenMP,13.83615
16,-1,-1,6.535e-05,13119.31,428650,bcsstk17.mtx,CSR,OpenMP,13.119309999999999
17,-1,-1,6.231e-05,13757.94,428650,bcsstk17.mtx,CSR,OpenMP,13.757940000000001
18,-1,-1,9.633e-05,8899.65,428650,bcsstk17.mtx,CSR,OpenMP,8.89965
19,-1,-1,7.466e-05,11482.72,428650,bcsstk17.mtx,CSR,OpenMP,11.482719999999999
20,-1,-1,6.917e-05,12394.86,428650,bcsstk17.mtx,CSR,OpenMP,12.394860000000001
21,-1,-1,8.163e-05,10502.21,428650,bcsstk17.mtx,CSR,OpenMP,10.50221
22,-1,-1,7.942e-05,10794.05,428650,bcsstk17.mtx,CSR,OpenMP,10.794049999999999
23,-1,-1,8.288e-05,10344.05,428650,bcsstk17.mtx,CSR,OpenMP,10.34405
24,-1,-1,8.184e-05,10474.84,428650,bcsstk17.mtx,CSR,OpenMP,10.47484
25,-1,-1,7.86e-05,10907.01,428650,bcsstk17.mtx,CSR,OpenMP,10.90701
26,-1,-1,8.5e-05,10085.69,428650,bcsstk17.mtx,CSR,OpenMP,10.085690000000001
27,-1,-1,7.753e-05,11057.84,428650,bcsstk17.mtx,CSR,OpenMP,11.05784
28,-1,-1,7.624e-05,11244.76,428650,bcsstk17.mtx,CSR,OpenMP,11.24476
29,-1,-1,7.912e-05,10835.98,428650,bcsstk17.mtx,CSR,OpenMP,10.83598
30,-1,-1,8.083e-05,10606.72,428650,bcsstk17.mtx,CSR,OpenMP,10.60672
31,-1,-1,8.498e-05,10088.81,428650,bcsstk17.mtx,CSR,OpenMP,10.088809999999999
32,-1,-1,8.133e-05,10541.52,428650,bcsstk17.mtx,CSR,OpenMP,10.54152
33,-1,-1,8.24e-05,10404.61,428650,bcsstk17.mtx,CSR,OpenMP,10.40461
34,-1,-1,8.657e-05,9902.72,428650,bcsstk17.mtx,CSR,OpenMP,9.902719999999999
35,-1,-1,8.81e-05,9730.75,428650,bcsstk17.mtx,CSR,OpenMP,9.73075
36,-1,-1,8.92e-05,9611.45,428650,bcsstk17.mtx,CSR,OpenMP,9.611450000000001
37,-1,-1,8.723e-05,9827.59,428650,bcsstk17.mtx,CSR,OpenMP,9.82759
38,-1,-1,0.0001345,6373.92,428650,bcsstk17.mtx,CSR,OpenMP,6.37392
39,-1,-1,0.00013096,6546.14,428650,bcsstk17.mtx,CSR,OpenMP,6.54614
40,-1,-1,0.00013918,6159.6,428650,bcsstk17.mtx,CSR,OpenMP,6.1596
1,-1,-1,0.00113009,1796.6,1015156,olafu.mtx,CSR,OpenMP,1.7966
2,-1,-1,0.00064993,3123.89,1015156,olafu.mtx,CSR,OpenMP,3.12389
3,-1,-1,0.00044277,4585.49,1015156,olafu.mtx,CSR,OpenMP,4.58549
4,-1,-1,0.00033382,6082.05,1015156,olafu.mtx,CSR,OpenMP,6.082050000000001
5,-1,-1,0.00027051,7505.43,1015156,olafu.mtx,CSR,OpenMP,7.5054300000000005
6,-1,-1,0.0002263,8971.89,1015156,olafu.mtx,CSR,OpenMP,8.97189
7,-1,-1,0.0002411,8420.96,1015156,olafu.mtx,CSR,OpenMP,8.42096
8,-1,-1,0.00017715,11460.88,1015156,olafu.mtx,CSR,OpenMP,11.46088
9,-1,-1,0.00015784,12862.78,1015156,olafu.mtx,CSR,OpenMP,12.86278
10,-1,-1,0.00014263,14234.33,1015156,olafu.mtx,CSR,OpenMP,14.23433
11,-1,-1,0.00013501,15037.93,1015156,olafu.mtx,CSR,OpenMP,15.037930000000001
12,-1,-1,0.00013244,15330.2,1015156,olafu.mtx,CSR,OpenMP,15.330200000000001
13,-1,-1,0.00012685,16005.77,1015156,olafu.mtx,CSR,OpenMP,16.005770000000002
14,-1,-1,0.00012152,16706.96,1015156,olafu.mtx,CSR,OpenMP,16.70696
15,-1,-1,0.00011915,17039.48,1015156,olafu.mtx,CSR,OpenMP,17.03948
16,-1,-1,0.00011404,17804.16,1015156,olafu.mtx,CSR,OpenMP,17.80416
17,-1,-1,0.00011267,18019.44,1015156,olafu.mtx,CSR,OpenMP,18.01944
18,-1,-1,0.00017045,11911.7,1015156,olafu.mtx,CSR,OpenMP,11.911700000000002
19,-1,-1,0.00012477,16272.55,1015156,olafu.mtx,CSR,OpenMP,16.27255
20,-1,-1,0.00012062,16832.27,1015156,olafu.mtx,CSR,OpenMP,16.83227
21,-1,-1,0.00013,15617.25,1015156,olafu.mtx,CSR,OpenMP,15.61725
22,-1,-1,0.0001234,16453.26,1015156,olafu.mtx,CSR,OpenMP,16.453259999999997
23,-1,-1,0.00012328,16469.74,1015156,olafu.mtx,CSR,OpenMP,16.46974
24,-1,-1,0.00012062,16832.55,1015156,olafu.mtx,CSR,OpenMP,16.832549999999998
25,-1,-1,0.00011613,17483.24,1015156,olafu.mtx,CSR,OpenMP,17.483240000000002
26,-1,-1,0.00011637,17446.95,1015156,olafu.mtx,CSR,OpenMP,17.44695
27,-1,-1,0.0001129,17982.51,1015156,olafu.mtx,CSR,OpenMP,17.982509999999998
28,-1,-1,0.00011048,18376.91,1015156,olafu.mtx,CSR,OpenMP,18.37691
29,-1,-1,0.00011001,18456.01,1015156,olafu.mtx,CSR,OpenMP,18.45601
30,-1,-1,0.00011152,18206.49,1015156,olafu.mtx,CSR,OpenMP,18.206490000000002
31,-1,-1,0.00010882,18657.14,1015156,olafu.mtx,CSR,OpenMP,18.65714
32,-1,-1,0.00011284,17992.46,1015156,olafu.mtx,CSR,OpenMP,17.992459999999998
33,-1,-1,0.00011766,17255.33,1015156,olafu.mtx,CSR,OpenMP,17.25533
34,-1,-1,0.00011487,17674.74,1015156,olafu.mtx,CSR,OpenMP,17.67474
35,-1,-1,0.00011288,17986.55,1015156,olafu.mtx,CSR,OpenMP,17.986549999999998
36,-1,-1,0.0001177,17249.89,1015156,olafu.mtx,CSR,OpenMP,17.24989
37,-1,-1,0.00011165,18183.93,1015156,olafu.mtx,CSR,OpenMP,18.18393
38,-1,-1,0.00018485,10983.62,1015156,olafu.mtx,CSR,OpenMP,10.98362
39,-1,-1,0.00020106,10097.87,1015156,olafu.mtx,CSR,OpenMP,10.09787
40,-1,-1,0.00018829,10782.87,1015156,olafu.mtx,CSR,OpenMP,10.78287
1,-1,-1,0.04265943,1298.19,27689972,ML_Laplace.mtx,CSR,OpenMP,1.29819
2,-1,-1,0.03747945,1477.61,27689972,ML_Laplace.mtx,CSR,OpenMP,1.4776099999999999
3,-1,-1,0.03821863,1449.03,27689972,ML_Laplace.mtx,CSR,OpenMP,1.44903
4,-1,-1,0.03364541,1645.99,27689972,ML_Laplace.mtx,CSR,OpenMP,1.64599
5,-1,-1,0.03186002,1738.23,27689972,ML_Laplace.mtx,CSR,OpenMP,1.73823
6,-1,-1,0.03309921,1673.15,27689972,ML_Laplace.mtx,CSR,OpenMP,1.6731500000000001
7,-1,-1,0.03199991,1730.63,27689972,ML_Laplace.mtx,CSR,OpenMP,1.7306300000000001
8,-1,-1,0.03093509,1790.2,27689972,ML_Laplace.mtx,CSR,OpenMP,1.7902
9,-1,-1,0.03179846,1741.59,27689972,ML_Laplace.mtx,CSR,OpenMP,1.74159
10,-1,-1,0.02919807,1896.7,27689972,ML_Laplace.mtx,CSR,OpenMP,1.8967
11,-1,-1,0.03109989,1780.71,27689972,ML_Laplace.mtx,CSR,OpenMP,1.78071
12,-1,-1,0.03429994,1614.58,27689972,ML_Laplace.mtx,CSR,OpenMP,1.61458
13,-1,-1,0.03380007,1638.46,27689972,ML_Laplace.mtx,CSR,OpenMP,1.63846
14,-1,-1,0.03479996,1591.38,27689972,ML_Laplace.mtx,CSR,OpenMP,1.59138
15,-1,-1,0.03229975,1714.56,27689972,ML_Laplace.mtx,CSR,OpenMP,1.7145599999999999
16,-1,-1,0.02980013,1858.38,27689972,ML_Laplace.mtx,CSR,OpenMP,1.8583800000000001
17,-1,-1,0.03099984,1786.46,27689972,ML_Laplace.mtx,CSR,OpenMP,1.78646
18,-1,-1,0.03199985,1730.63,27689972,ML_Laplace.mtx,CSR,OpenMP,1.7306300000000001
19,-1,-1,0.03109989,1780.71,27689972,ML_Laplace.mtx,CSR,OpenMP,1.78071
20,-1,-1,0.03150008,1758.09,27689972,ML_Laplace.mtx,CSR,OpenMP,1.75809
21,-1,-1,0.03213321,1723.45,27689972,ML_Laplace.mtx,CSR,OpenMP,1.7234500000000001
22,-1,-1,0.0313342,1767.4,27689972,ML_Laplace.mtx,CSR,OpenMP,1.7674
23,-1,-1,0.03330001,1663.06,27689972,ML_Laplace.mtx,CSR,OpenMP,1.66306
24,-1,-1,0.03160051,1752.5,27689972,ML_Laplace.mtx,CSR,OpenMP,1.7525
25,-1,-1,0.03199964,1730.64,27689972,ML_Laplace.mtx,CSR,OpenMP,1.7306400000000002
26,-1,-1,0.03225327,1717.03,27689972,ML_Laplace.mtx,CSR,OpenMP,1.71703
27,-1,-1,0.03272506,1692.28,27689972,ML_Laplace.mtx,CSR,OpenMP,1.69228
28,-1,-1,0.03353432,1651.44,27689972,ML_Laplace.mtx,CSR,OpenMP,1.65144
29,-1,-1,0.0300991,1839.92,27689972,ML_Laplace.mtx,CSR,OpenMP,1.83992
30,-1,-1,0.030101,1839.8,27689972,ML_Laplace.mtx,CSR,OpenMP,1.8397999999999999
31,-1,-1,0.02979981,1858.4,27689972,ML_Laplace.mtx,CSR,OpenMP,1.8584
32,-1,-1,0.03060014,1809.79,27689972,ML_Laplace.mtx,CSR,OpenMP,1.80979
33,-1,-1,0.03109987,1780.71,27689972,ML_Laplace.mtx,CSR,OpenMP,1.78071
34,-1,-1,0.03080003,1798.05,27689972,ML_Laplace.mtx,CSR,OpenMP,1.79805
35,-1,-1,0.0312003,1774.98,27689972,ML_Laplace.mtx,CSR,OpenMP,1.77498
36,-1,-1,0.02920014,1896.56,27689972,ML_Laplace.mtx,CSR,OpenMP,1.89656
37,-1,-1,0.02940004,1883.67,27689972,ML_Laplace.mtx,CSR,OpenMP,1.8836700000000002
38,-1,-1,0.02951245,1876.49,27689972,ML_Laplace.mtx,CSR,OpenMP,1.87649
39,-1,-1,0.03309987,1673.12,27689972,ML_Laplace.mtx,CSR,OpenMP,1.67312
40,-1,-1,0.02719993,2036.03,27689972,ML_Laplace.mtx,CSR,OpenMP,2.03603
1,-1,-1,0.00135192,1133.79,766396,dc1.mtx,CSR,OpenMP,1.1337899999999999
2,-1,-1,0.00319506,479.74,766396,dc1.mtx,CSR,OpenMP,0.47974
3,-1,-1,0.00121902,1257.39,766396,dc1.mtx,CSR,OpenMP,1.25739
4,-1,-1,0.00282091,543.37,766396,dc1.mtx,CSR,OpenMP,0.54337
5,-1,-1,0.00464408,330.05,766396,dc1.mtx,CSR,OpenMP,0.33005
6,-1,-1,0.00746269,205.39,766396,dc1.mtx,CSR,OpenMP,0.20539
7,-1,-1,0.01039894,147.4,766396,dc1.mtx,CSR,OpenMP,0.1474
8,-1,-1,0.01240001,123.61,766396,dc1.mtx,CSR,OpenMP,0.12361
9,-1,-1,0.01269945,120.7,766396,dc1.mtx,CSR,OpenMP,0.1207
10,-1,-1,0.01590005,96.4,766396,dc1.mtx,CSR,OpenMP,0.0964
11,-1,-1,0.01590007,96.4,766396,dc1.mtx,CSR,OpenMP,0.0964
12,-1,-1,0.01419996,107.94,766396,dc1.mtx,CSR,OpenMP,0.10794
13,-1,-1,0.01590002,96.4,766396,dc1.mtx,CSR,OpenMP,0.0964
14,-1,-1,0.01570011,97.63,766396,dc1.mtx,CSR,OpenMP,0.09763
15,-1,-1,0.01790002,85.63,766396,dc1.mtx,CSR,OpenMP,0.08563
16,-1,-1,0.0177999,86.11,766396,dc1.mtx,CSR,OpenMP,0.08611
17,-1,-1,0.01989999,77.02,766396,dc1.mtx,CSR,OpenMP,0.07701999999999999
18,-1,-1,0.01619988,94.62,766396,dc1.mtx,CSR,OpenMP,0.09462000000000001
19,-1,-1,0.01699992,90.16,766396,dc1.mtx,CSR,OpenMP,0.09015999999999999
20,-1,-1,0.01720012,89.12,766396,dc1.mtx,CSR,OpenMP,0.08912
21,-1,-1,0.01820048,84.22,766396,dc1.mtx,CSR,OpenMP,0.08422
22,-1,-1,0.01940011,79.01,766396,dc1.mtx,CSR,OpenMP,0.07901000000000001
23,-1,-1,0.02049999,74.77,766396,dc1.mtx,CSR,OpenMP,0.07476999999999999
24,-1,-1,0.02040025,75.14,766396,dc1.mtx,CSR,OpenMP,0.07514
25,-1,-1,0.01619954,94.62,766396,dc1.mtx,CSR,OpenMP,0.09462000000000001
26,-1,-1,0.01500007,102.19,766396,dc1.mtx,CSR,OpenMP,0.10219
27,-1,-1,0.01330004,115.25,766396,dc1.mtx,CSR,OpenMP,0.11525
28,-1,-1,0.01480041,103.56,766396,dc1.mtx,CSR,OpenMP,0.10356
29,-1,-1,0.01359978,112.71,766396,dc1.mtx,CSR,OpenMP,0.11270999999999999
30,-1,-1,0.01429997,107.19,766396,dc1.mtx,CSR,OpenMP,0.10719
31,-1,-1,0.0139996,109.49,766396,dc1.mtx,CSR,OpenMP,0.10948999999999999
32,-1,-1,0.01400035,109.48,766396,dc1.mtx,CSR,OpenMP,0.10948000000000001
33,-1,-1,0.01340003,114.39,766396,dc1.mtx,CSR,OpenMP,0.11439
34,-1,-1,0.01510027,101.51,766396,dc1.mtx,CSR,OpenMP,0.10151
35,-1,-1,0.01299977,117.91,766396,dc1.mtx,CSR,OpenMP,0.11791
36,-1,-1,0.01309986,117.01,766396,dc1.mtx,CSR,OpenMP,0.11701
37,-1,-1,0.01379833,111.09,766396,dc1.mtx,CSR,OpenMP,0.11109000000000001
38,-1,-1,0.01499997,102.19,766396,dc1.mtx,CSR,OpenMP,0.10219
39,-1,-1,0.01222663,125.37,766396,dc1.mtx,CSR,OpenMP,0.12537
40,-1,-1,0.01370044,111.88,766396,dc1.mtx,CSR,OpenMP,0.11188
1,-1,-1,0.00256308,555.24,711558,thermomech_TK.mtx,CSR,OpenMP,0.55524
2,-1,-1,0.00211491,672.9,711558,thermomech_TK.mtx,CSR,OpenMP,0.6728999999999999
3,-1,-1,0.00557365,255.33,711558,thermomech_TK.mtx,CSR,OpenMP,0.25533
4,-1,-1,0.00616797,230.73,711558,thermomech_TK.mtx,CSR,OpenMP,0.23073
5,-1,-1,0.00560227,254.03,711558,thermomech_TK.mtx,CSR,OpenMP,0.25403
6,-1,-1,0.00722503,196.97,711558,thermomech_TK.mtx,CSR,OpenMP,0.19697
7,-1,-1,0.00832272,170.99,711558,thermomech_TK.mtx,CSR,OpenMP,0.17099
8,-1,-1,0.00959867,148.26,711558,thermomech_TK.mtx,CSR,OpenMP,0.14826
9,-1,-1,0.00911889,156.06,711558,thermomech_TK.mtx,CSR,OpenMP,0.15606
10,-1,-1,0.01111589,128.03,711558,thermomech_TK.mtx,CSR,OpenMP,0.12803
11,-1,-1,0.01001427,142.11,711558,thermomech_TK.mtx,CSR,OpenMP,0.14211000000000001
12,-1,-1,0.01071302,132.84,711558,thermomech_TK.mtx,CSR,OpenMP,0.13284
13,-1,-1,0.01249791,113.87,711558,thermomech_TK.mtx,CSR,OpenMP,0.11387
14,-1,-1,0.01209983,117.61,711558,thermomech_TK.mtx,CSR,OpenMP,0.11761
15,-1,-1,0.01521297,93.55,711558,thermomech_TK.mtx,CSR,OpenMP,0.09355
16,-1,-1,0.01629734,87.32,711558,thermomech_TK.mtx,CSR,OpenMP,0.08732
17,-1,-1,0.01439997,98.83,711558,thermomech_TK.mtx,CSR,OpenMP,0.09883
18,-1,-1,0.01580005,90.07,711558,thermomech_TK.mtx,CSR,OpenMP,0.09007
19,-1,-1,0.01419993,100.22,711558,thermomech_TK.mtx,CSR,OpenMP,0.10022
20,-1,-1,0.01231078,115.6,711558,thermomech_TK.mtx,CSR,OpenMP,0.1156
21,-1,-1,0.01309705,108.66,711558,thermomech_TK.mtx,CSR,OpenMP,0.10865999999999999
22,-1,-1,0.01349987,105.42,711558,thermomech_TK.mtx,CSR,OpenMP,0.10542
23,-1,-1,0.01400004,101.65,711558,thermomech_TK.mtx,CSR,OpenMP,0.10165
24,-1,-1,0.0147,96.81,711558,thermomech_TK.mtx,CSR,OpenMP,0.09681000000000001
25,-1,-1,0.01539962,92.41,711558,thermomech_TK.mtx,CSR,OpenMP,0.09240999999999999
26,-1,-1,0.01409979,100.93,711558,thermomech_TK.mtx,CSR,OpenMP,0.10093
27,-1,-1,0.01429994,99.52,711558,thermomech_TK.mtx,CSR,OpenMP,0.09952
28,-1,-1,0.01370053,103.87,711558,thermomech_TK.mtx,CSR,OpenMP,0.10387
29,-1,-1,0.01329872,107.01,711558,thermomech_TK.mtx,CSR,OpenMP,0.10701000000000001
30,-1,-1,0.01599988,88.95,711558,thermomech_TK.mtx,CSR,OpenMP,0.08895
31,-1,-1,0.02051455,69.37,711558,thermomech_TK.mtx,CSR,OpenMP,0.06937
32,-1,-1,0.02100948,67.74,711558,thermomech_TK.mtx,CSR,OpenMP,0.06774
33,-1,-1,0.0210089,67.74,711558,thermomech_TK.mtx,CSR,OpenMP,0.06774
34,-1,-1,0.02230402,63.81,711558,thermomech_TK.mtx,CSR,OpenMP,0.06381
35,-1,-1,0.02309519,61.62,711558,thermomech_TK.mtx,CSR,OpenMP,0.061619999999999994
36,-1,-1,0.02249993,63.25,711558,thermomech_TK.mtx,CSR,OpenMP,0.06325
37,-1,-1,0.02051366,69.37,711558,thermomech_TK.mtx,CSR,OpenMP,0.06937
38,-1,-1,0.01890759,75.27,711558,thermomech_TK.mtx,CSR,OpenMP,0.07526999999999999
39,-1,-1,0.01859452,76.53,711558,thermomech_TK.mtx,CSR,OpenMP,0.07653
40,-1,-1,0.01751315,81.26,711558,thermomech_TK.mtx,CSR,OpenMP,0.08126
1,-1,-1,0.00131814,871.62,574458,thermal1.mtx,CSR,OpenMP,0.87162
2,-1,-1,0.00387751,296.3,574458,thermal1.mtx,CSR,OpenMP,0.2963
3,-1,-1,0.00646789,177.63,574458,thermal1.mtx,CSR,OpenMP,0.17762999999999998
4,-1,-1,0.00703222,163.38,574458,thermal1.mtx,CSR,OpenMP,0.16338
5,-1,-1,0.00862498,133.21,574458,thermal1.mtx,CSR,OpenMP,0.13321
6,-1,-1,0.00999367,114.96,574458,thermal1.mtx,CSR,OpenMP,0.11495999999999999
7,-1,-1,0.01237464,92.84,574458,thermal1.mtx,CSR,OpenMP,0.09284
8,-1,-1,0.011617,98.9,574458,thermal1.mtx,CSR,OpenMP,0.0989
9,-1,-1,0.01659847,69.22,574458,thermal1.mtx,CSR,OpenMP,0.06922
10,-1,-1,0.01369988,83.86,574458,thermal1.mtx,CSR,OpenMP,0.08386
11,-1,-1,0.01499978,76.6,574458,thermal1.mtx,CSR,OpenMP,0.07659999999999999
12,-1,-1,0.01361269,84.4,574458,thermal1.mtx,CSR,OpenMP,0.0844
13,-1,-1,0.01550982,74.08,574458,thermal1.mtx,CSR,OpenMP,0.07408
14,-1,-1,0.01410924,81.43,574458,thermal1.mtx,CSR,OpenMP,0.08143
15,-1,-1,0.01559744,73.66,574458,thermal1.mtx,CSR,OpenMP,0.07366
16,-1,-1,0.01911064,60.12,574458,thermal1.mtx,CSR,OpenMP,0.06012
17,-1,-1,0.0208972,54.98,574458,thermal1.mtx,CSR,OpenMP,0.054979999999999994
18,-1,-1,0.0158999,72.26,574458,thermal1.mtx,CSR,OpenMP,0.07226
19,-1,-1,0.01779989,64.55,574458,thermal1.mtx,CSR,OpenMP,0.06455
20,-1,-1,0.0156999,73.18,574458,thermal1.mtx,CSR,OpenMP,0.07318000000000001
21,-1,-1,0.01950058,58.92,574458,thermal1.mtx,CSR,OpenMP,0.05892
22,-1,-1,0.02030032,56.6,574458,thermal1.mtx,CSR,OpenMP,0.056600000000000004
23,-1,-1,0.01300002,88.38,574458,thermal1.mtx,CSR,OpenMP,0.08838
24,-1,-1,0.01379976,83.26,574458,thermal1.mtx,CSR,OpenMP,0.08326
25,-1,-1,0.01319987,87.04,574458,thermal1.mtx,CSR,OpenMP,0.08704
26,-1,-1,0.01340042,85.74,574458,thermal1.mtx,CSR,OpenMP,0.08574
27,-1,-1,0.01329953,86.39,574458,thermal1.mtx,CSR,OpenMP,0.08639
28,-1,-1,0.01300012,88.38,574458,thermal1.mtx,CSR,OpenMP,0.08838
29,-1,-1,0.01300006,88.38,574458,thermal1.mtx,CSR,OpenMP,0.08838
30,-1,-1,0.01320011,87.04,574458,thermal1.mtx,CSR,OpenMP,0.08704
31,-1,-1,0.01399984,82.07,574458,thermal1.mtx,CSR,OpenMP,0.08206999999999999
32,-1,-1,0.01340039,85.74,574458,thermal1.mtx,CSR,OpenMP,0.08574
33,-1,-1,0.01299983,88.38,574458,thermal1.mtx,CSR,OpenMP,0.08838
34,-1,-1,0.0136998,83.86,574458,thermal1.mtx,CSR,OpenMP,0.08386
35,-1,-1,0.01320105,87.03,574458,thermal1.mtx,CSR,OpenMP,0.08703
36,-1,-1,0.01910058,60.15,574458,thermal1.mtx,CSR,OpenMP,0.060149999999999995
37,-1,-1,0.01790022,64.18,574458,thermal1.mtx,CSR,OpenMP,0.06418
38,-1,-1,0.01990022,57.73,574458,thermal1.mtx,CSR,OpenMP,0.05773
39,-1,-1,0.02199999,52.22,574458,thermal1.mtx,CSR,OpenMP,0.052219999999999996
40,-1,-1,0.01660047,69.21,574458,thermal1.mtx,CSR,OpenMP,0.06921
1,-1,-1,0.00076215,1270.77,484256,af23560.mtx,CSR,OpenMP,1.27077
2,-1,-1,0.00071483,1354.88,484256,af23560.mtx,CSR,OpenMP,1.35488
3,-1,-1,0.00113348,854.46,484256,af23560.mtx,CSR,OpenMP,0.85446
4,-1,-1,0.00278537,347.71,484256,af23560.mtx,CSR,OpenMP,0.34770999999999996
5,-1,-1,0.00915825,105.75,484256,af23560.mtx,CSR,OpenMP,0.10575
6,-1,-1,0.00809817,119.6,484256,af23560.mtx,CSR,OpenMP,0.1196
7,-1,-1,0.01009986,95.89,484256,af23560.mtx,CSR,OpenMP,0.09589
8,-1,-1,0.01069987,90.52,484256,af23560.mtx,CSR,OpenMP,0.09051999999999999
9,-1,-1,0.01149994,84.22,484256,af23560.mtx,CSR,OpenMP,0.08422
10,-1,-1,0.01199988,80.71,484256,af23560.mtx,CSR,OpenMP,0.08070999999999999
11,-1,-1,0.01290005,75.08,484256,af23560.mtx,CSR,OpenMP,0.07508
12,-1,-1,0.0140001,69.18,484256,af23560.mtx,CSR,OpenMP,0.06918
13,-1,-1,0.01409995,68.69,484256,af23560.mtx,CSR,OpenMP,0.06869
14,-1,-1,0.01439993,67.26,484256,af23560.mtx,CSR,OpenMP,0.06726
15,-1,-1,0.01859997,52.07,484256,af23560.mtx,CSR,OpenMP,0.05207
16,-1,-1,0.01529999,63.3,484256,af23560.mtx,CSR,OpenMP,0.0633
17,-1,-1,0.01600004,60.53,484256,af23560.mtx,CSR,OpenMP,0.06053
18,-1,-1,0.0161,60.16,484256,af23560.mtx,CSR,OpenMP,0.06016
19,-1,-1,0.01530046,63.3,484256,af23560.mtx,CSR,OpenMP,0.0633
20,-1,-1,0.01560001,62.08,484256,af23560.mtx,CSR,OpenMP,0.062079999999999996
21,-1,-1,0.01669983,58.0,484256,af23560.mtx,CSR,OpenMP,0.058
22,-1,-1,0.01620063,59.78,484256,af23560.mtx,CSR,OpenMP,0.05978
23,-1,-1,0.0165001,58.7,484256,af23560.mtx,CSR,OpenMP,0.0587
24,-1,-1,0.01650022,58.7,484256,af23560.mtx,CSR,OpenMP,0.0587
25,-1,-1,0.01700019,56.97,484256,af23560.mtx,CSR,OpenMP,0.05697
26,-1,-1,0.02109991,45.9,484256,af23560.mtx,CSR,OpenMP,0.045899999999999996
27,-1,-1,0.01829997,52.92,484256,af23560.mtx,CSR,OpenMP,0.05292
28,-1,-1,0.02199985,44.02,484256,af23560.mtx,CSR,OpenMP,0.044020000000000004
29,-1,-1,0.022,44.02,484256,af23560.mtx,CSR,OpenMP,0.044020000000000004
30,-1,-1,0.02109979,45.9,484256,af23560.mtx,CSR,OpenMP,0.045899999999999996
31,-1,-1,0.02199991,44.02,484256,af23560.mtx,CSR,OpenMP,0.044020000000000004
32,-1,-1,0.02200001,44.02,484256,af23560.mtx,CSR,OpenMP,0.044020000000000004
33,-1,-1,0.02209981,43.82,484256,af23560.mtx,CSR,OpenMP,0.04382
34,-1,-1,0.02209987,43.82,484256,af23560.mtx,CSR,OpenMP,0.04382
35,-1,-1,0.02029998,47.71,484256,af23560.mtx,CSR,OpenMP,0.04771
36,-1,-1,0.02090009,46.34,484256,af23560.mtx,CSR,OpenMP,0.046340000000000006
37,-1,-1,0.01889964,51.25,484256,af23560.mtx,CSR,OpenMP,0.05125
38,-1,-1,0.02089979,46.34,484256,af23560.mtx,CSR,OpenMP,0.046340000000000006
39,-1,-1,0.01940009,49.92,484256,af23560.mtx,CSR,OpenMP,0.04992
40,-1,-1,0.01790029,54.11,484256,af23560.mtx,CSR,OpenMP,0.05411
1,-1,-1,8.3e-07,118.23,49,cage4.mtx,CSR,OpenMP,0.11823
2,-1,-1,0.00769831,0.01,49,cage4.mtx,CSR,OpenMP,1e-05
3,-1,-1,0.0052003,0.02,49,cage4.mtx,CSR,OpenMP,2e-05
4,-1,-1,0.0017093,0.06,49,cage4.mtx,CSR,OpenMP,5.9999999999999995e-05
5,-1,-1,0.004798,0.02,49,cage4.mtx,CSR,OpenMP,2e-05
6,-1,-1,0.00858879,0.01,49,cage4.mtx,CSR,OpenMP,1e-05
7,-1,-1,0.00899932,0.01,49,cage4.mtx,CSR,OpenMP,1e-05
8,-1,-1,0.00830006,0.01,49,cage4.mtx,CSR,OpenMP,1e-05
9,-1,-1,0.00890001,0.01,49,cage4.mtx,CSR,OpenMP,1e-05
10,-1,-1,0.00970006,0.01,49,cage4.mtx,CSR,OpenMP,1e-05
11,-1,-1,0.01009978,0.01,49,cage4.mtx,CSR,OpenMP,1e-05
12,-1,-1,0.01429987,0.01,49,cage4.mtx,CSR,OpenMP,1e-05
13,-1,-1,0.01059977,0.01,49,cage4.mtx,CSR,OpenMP,1e-05
14,-1,-1,0.01300002,0.01,49,cage4.mtx,CSR,OpenMP,1e-05
15,-1,-1,0.01539993,0.01,49,cage4.mtx,CSR,OpenMP,1e-05
16,-1,-1,0.01559996,0.01,49,cage4.mtx,CSR,OpenMP,1e-05
17,-1,-1,0.01599999,0.01,49,cage4.mtx,CSR,OpenMP,1e-05
18,-1,-1,0.01589997,0.01,49,cage4.mtx,CSR,OpenMP,1e-05
19,-1,-1,0.01889982,0.01,49,cage4.mtx,CSR,OpenMP,1e-05
20,-1,-1,0.02009999,0.0,49,cage4.mtx,CSR,OpenMP,0.0
21,-1,-1,0.01990044,0.0,49,cage4.mtx,CSR,OpenMP,0.0
22,-1,-1,0.01989995,0.0,49,cage4.mtx,CSR,OpenMP,0.0
23,-1,-1,0.02080018,0.0,49,cage4.mtx,CSR,OpenMP,0.0
24,-1,-1,0.01999994,0.0,49,cage4.mtx,CSR,OpenMP,0.0
25,-1,-1,0.02100005,0.0,49,cage4.mtx,CSR,OpenMP,0.0
26,-1,-1,0.0212001,0.0,49,cage4.mtx,CSR,OpenMP,0.0
27,-1,-1,0.02189982,0.0,49,cage4.mtx,CSR,OpenMP,0.0
28,-1,-1,0.02209999,0.0,49,cage4.mtx,CSR,OpenMP,0.0
29,-1,-1,0.02199981,0.0,49,cage4.mtx,CSR,OpenMP,0.0
30,-1,-1,0.02199996,0.0,49,cage4.mtx,CSR,OpenMP,0.0
31,-1,-1,0.02209998,0.0,49,cage4.mtx,CSR,OpenMP,0.0
32,-1,-1,0.02199986,0.0,49,cage4.mtx,CSR,OpenMP,0.0
33,-1,-1,0.02109994,0.0,49,cage4.mtx,CSR,OpenMP,0.0
34,-1,-1,0.0154,0.01,49,cage4.mtx,CSR,OpenMP,1e-05
35,-1,-1,0.01360017,0.01,49,cage4.mtx,CSR,OpenMP,1e-05
36,-1,-1,0.01530013,0.01,49,cage4.mtx,CSR,OpenMP,1e-05
37,-1,-1,0.01610001,0.01,49,cage4.mtx,CSR,OpenMP,1e-05
38,-1,-1,0.0136999,0.01,49,cage4.mtx,CSR,OpenMP,1e-05
39,-1,-1,0.01340018,0.01,49,cage4.mtx,CSR,OpenMP,1e-05
40,-1,-1,0.01530015,0.01,49,cage4.mtx,CSR,OpenMP,1e-05
1,-1,-1,8.2e-06,974.75,3996,olm1000.mtx,CSR,OpenMP,0.97475
2,-1,-1,0.00768992,1.04,3996,olm1000.mtx,CSR,OpenMP,0.0010400000000000001
3,-1,-1,0.0029024,2.75,3996,olm1000.mtx,CSR,OpenMP,0.00275
4,-1,-1,0.00470494,1.7,3996,olm1000.mtx,CSR,OpenMP,0.0017
5,-1,-1,0.00738933,1.08,3996,olm1000.mtx,CSR,OpenMP,0.00108
6,-1,-1,0.0072,1.11,3996,olm1000.mtx,CSR,OpenMP,0.00111
7,-1,-1,0.00769928,1.04,3996,olm1000.mtx,CSR,OpenMP,0.0010400000000000001
8,-1,-1,0.00799985,1.0,3996,olm1000.mtx,CSR,OpenMP,0.001
9,-1,-1,0.00880014,0.91,3996,olm1000.mtx,CSR,OpenMP,0.00091
10,-1,-1,0.01020012,0.78,3996,olm1000.mtx,CSR,OpenMP,0.00078
11,-1,-1,0.01000167,0.8,3996,olm1000.mtx,CSR,OpenMP,0.0008
12,-1,-1,0.01099988,0.73,3996,olm1000.mtx,CSR,OpenMP,0.00073
13,-1,-1,0.01190301,0.67,3996,olm1000.mtx,CSR,OpenMP,0.00067
14,-1,-1,0.01289985,0.62,3996,olm1000.mtx,CSR,OpenMP,0.00062
15,-1,-1,0.01150253,0.69,3996,olm1000.mtx,CSR,OpenMP,0.00069
16,-1,-1,0.01259694,0.63,3996,olm1000.mtx,CSR,OpenMP,0.00063
17,-1,-1,0.01209979,0.66,3996,olm1000.mtx,CSR,OpenMP,0.00066
18,-1,-1,0.01209986,0.66,3996,olm1000.mtx,CSR,OpenMP,0.00066
19,-1,-1,0.01240008,0.64,3996,olm1000.mtx,CSR,OpenMP,0.00064
20,-1,-1,0.0133031,0.6,3996,olm1000.mtx,CSR,OpenMP,0.0006
21,-1,-1,0.01759977,0.45,3996,olm1000.mtx,CSR,OpenMP,0.00045
22,-1,-1,0.01759989,0.45,3996,olm1000.mtx,CSR,OpenMP,0.00045
23,-1,-1,0.01659929,0.48,3996,olm1000.mtx,CSR,OpenMP,0.00047999999999999996
24,-1,-1,0.01679981,0.48,3996,olm1000.mtx,CSR,OpenMP,0.00047999999999999996
25,-1,-1,0.01770014,0.45,3996,olm1000.mtx,CSR,OpenMP,0.00045
26,-1,-1,0.0221997,0.36,3996,olm1000.mtx,CSR,OpenMP,0.00035999999999999997
27,-1,-1,0.02189981,0.36,3996,olm1000.mtx,CSR,OpenMP,0.00035999999999999997
28,-1,-1,0.02159983,0.37,3996,olm1000.mtx,CSR,OpenMP,0.00037
29,-1,-1,0.02049994,0.39,3996,olm1000.mtx,CSR,OpenMP,0.00039
30,-1,-1,0.01609984,0.5,3996,olm1000.mtx,CSR,OpenMP,0.0005
31,-1,-1,0.01529998,0.52,3996,olm1000.mtx,CSR,OpenMP,0.0005200000000000001
32,-1,-1,0.01380581,0.58,3996,olm1000.mtx,CSR,OpenMP,0.00058
33,-1,-1,0.01469468,0.54,3996,olm1000.mtx,CSR,OpenMP,0.00054
34,-1,-1,0.0138999,0.57,3996,olm1000.mtx,CSR,OpenMP,0.00057
35,-1,-1,0.01279984,0.62,3996,olm1000.mtx,CSR,OpenMP,0.00062
36,-1,-1,0.01600474,0.5,3996,olm1000.mtx,CSR,OpenMP,0.0005
37,-1,-1,0.01470027,0.54,3996,olm1000.mtx,CSR,OpenMP,0.00054
38,-1,-1,0.01639468,0.49,3996,olm1000.mtx,CSR,OpenMP,0.00049
39,-1,-1,0.01449406,0.55,3996,olm1000.mtx,CSR,OpenMP,0.00055
40,-1,-1,0.01410145,0.57,3996,olm1000.mtx,CSR,OpenMP,0.00057
1,-1,-1,8.982e-05,1267.69,56934,rdist2.mtx,CSR,OpenMP,1.26769
2,-1,-1,6.359e-05,1790.64,56934,rdist2.mtx,CSR,OpenMP,1.79064
3,-1,-1,0.00125277,90.89,56934,rdist2.mtx,CSR,OpenMP,0.09089
4,-1,-1,0.00460447,24.73,56934,rdist2.mtx,CSR,OpenMP,0.024730000000000002
5,-1,-1,0.00638732,17.83,56934,rdist2.mtx,CSR,OpenMP,0.01783
6,-1,-1,0.00898957,12.67,56934,rdist2.mtx,CSR,OpenMP,0.01267
7,-1,-1,0.00740175,15.38,56934,rdist2.mtx,CSR,OpenMP,0.015380000000000001
8,-1,-1,0.00949881,11.99,56934,rdist2.mtx,CSR,OpenMP,0.01199
9,-1,-1,0.01270018,8.97,56934,rdist2.mtx,CSR,OpenMP,0.00897
10,-1,-1,0.01239964,9.18,56934,rdist2.mtx,CSR,OpenMP,0.009179999999999999
11,-1,-1,0.01400017,8.13,56934,rdist2.mtx,CSR,OpenMP,0.00813
12,-1,-1,0.01510005,7.54,56934,rdist2.mtx,CSR,OpenMP,0.00754
13,-1,-1,0.01410008,8.08,56934,rdist2.mtx,CSR,OpenMP,0.00808
14,-1,-1,0.01850006,6.16,56934,rdist2.mtx,CSR,OpenMP,0.0061600000000000005
15,-1,-1,0.01599977,7.12,56934,rdist2.mtx,CSR,OpenMP,0.0071200000000000005
16,-1,-1,0.01649989,6.9,56934,rdist2.mtx,CSR,OpenMP,0.006900000000000001
17,-1,-1,0.0162,7.03,56934,rdist2.mtx,CSR,OpenMP,0.007030000000000001
18,-1,-1,0.01620015,7.03,56934,rdist2.mtx,CSR,OpenMP,0.007030000000000001
19,-1,-1,0.01669934,6.82,56934,rdist2.mtx,CSR,OpenMP,0.0068200000000000005
20,-1,-1,0.01639986,6.94,56934,rdist2.mtx,CSR,OpenMP,0.00694
21,-1,-1,0.01680001,6.78,56934,rdist2.mtx,CSR,OpenMP,0.0067800000000000004
22,-1,-1,0.01630037,6.99,56934,rdist2.mtx,CSR,OpenMP,0.0069900000000000006
23,-1,-1,0.01750456,6.51,56934,rdist2.mtx,CSR,OpenMP,0.00651
24,-1,-1,0.01519626,7.49,56934,rdist2.mtx,CSR,OpenMP,0.00749
25,-1,-1,0.01359975,8.37,56934,rdist2.mtx,CSR,OpenMP,0.008369999999999999
26,-1,-1,0.01329961,8.56,56934,rdist2.mtx,CSR,OpenMP,0.00856
27,-1,-1,0.01400014,8.13,56934,rdist2.mtx,CSR,OpenMP,0.00813
28,-1,-1,0.01460002,7.8,56934,rdist2.mtx,CSR,OpenMP,0.0078
29,-1,-1,0.01389985,8.19,56934,rdist2.mtx,CSR,OpenMP,0.00819
30,-1,-1,0.01360021,8.37,56934,rdist2.mtx,CSR,OpenMP,0.008369999999999999
31,-1,-1,0.01450033,7.85,56934,rdist2.mtx,CSR,OpenMP,0.00785
32,-1,-1,0.01359972,8.37,56934,rdist2.mtx,CSR,OpenMP,0.008369999999999999
33,-1,-1,0.01479984,7.69,56934,rdist2.mtx,CSR,OpenMP,0.007690000000000001
34,-1,-1,0.01369982,8.31,56934,rdist2.mtx,CSR,OpenMP,0.00831
35,-1,-1,0.01329997,8.56,56934,rdist2.mtx,CSR,OpenMP,0.00856
36,-1,-1,0.01479975,7.69,56934,rdist2.mtx,CSR,OpenMP,0.007690000000000001
37,-1,-1,0.0136995,8.31,56934,rdist2.mtx,CSR,OpenMP,0.00831
38,-1,-1,0.01539968,7.39,56934,rdist2.mtx,CSR,OpenMP,0.00739
39,-1,-1,0.0160994,7.07,56934,rdist2.mtx,CSR,OpenMP,0.00707
40,-1,-1,0.01399966,8.13,56934,rdist2.mtx,CSR,OpenMP,0.00813
1,-1,-1,0.04535539,1265.77,28704672,nlpkkt80.mtx,CSR,OpenMP,1.26577
2,-1,-1,0.03939275,1457.36,28704672,nlpkkt80.mtx,CSR,OpenMP,1.45736
3,-1,-1,0.036887,1556.36,28704672,nlpkkt80.mtx,CSR,OpenMP,1.55636
4,-1,-1,0.03159931,1816.79,28704672,nlpkkt80.mtx,CSR,OpenMP,1.81679
5,-1,-1,0.02929991,1959.37,28704672,nlpkkt80.mtx,CSR,OpenMP,1.9593699999999998
6,-1,-1,0.02929998,1959.36,28704672,nlpkkt80.mtx,CSR,OpenMP,1.95936
7,-1,-1,0.02959989,1939.51,28704672,nlpkkt80.mtx,CSR,OpenMP,1.93951
8,-1,-1,0.03069914,1870.06,28704672,nlpkkt80.mtx,CSR,OpenMP,1.87006
9,-1,-1,0.03289975,1744.98,28704672,nlpkkt80.mtx,CSR,OpenMP,1.74498
10,-1,-1,0.03329999,1724.0,28704672,nlpkkt80.mtx,CSR,OpenMP,1.724
11,-1,-1,0.03939993,1457.09,28704672,nlpkkt80.mtx,CSR,OpenMP,1.45709
12,-1,-1,0.03470007,1654.44,28704672,nlpkkt80.mtx,CSR,OpenMP,1.6544400000000001
13,-1,-1,0.03539988,1621.74,28704672,nlpkkt80.mtx,CSR,OpenMP,1.62174
14,-1,-1,0.0349028,1644.84,28704672,nlpkkt80.mtx,CSR,OpenMP,1.6448399999999999
15,-1,-1,0.03569977,1608.12,28704672,nlpkkt80.mtx,CSR,OpenMP,1.60812
16,-1,-1,0.03540014,1621.73,28704672,nlpkkt80.mtx,CSR,OpenMP,1.6217300000000001
17,-1,-1,0.03569979,1608.11,28704672,nlpkkt80.mtx,CSR,OpenMP,1.60811
18,-1,-1,0.03390023,1693.48,28704672,nlpkkt80.mtx,CSR,OpenMP,1.69348
19,-1,-1,0.035996,1594.88,28704672,nlpkkt80.mtx,CSR,OpenMP,1.59488
20,-1,-1,0.03529978,1626.34,28704672,nlpkkt80.mtx,CSR,OpenMP,1.62634
21,-1,-1,0.0352,1630.95,28704672,nlpkkt80.mtx,CSR,OpenMP,1.6309500000000001
22,-1,-1,0.0314,1828.32,28704672,nlpkkt80.mtx,CSR,OpenMP,1.82832
23,-1,-1,0.03358677,1709.28,28704672,nlpkkt80.mtx,CSR,OpenMP,1.70928
24,-1,-1,0.03409995,1683.56,28704672,nlpkkt80.mtx,CSR,OpenMP,1.68356
25,-1,-1,0.03560008,1612.62,28704672,nlpkkt80.mtx,CSR,OpenMP,1.61262
26,-1,-1,0.03409996,1683.56,28704672,nlpkkt80.mtx,CSR,OpenMP,1.68356
27,-1,-1,0.03249993,1766.45,28704672,nlpkkt80.mtx,CSR,OpenMP,1.76645
28,-1,-1,0.03249997,1766.44,28704672,nlpkkt80.mtx,CSR,OpenMP,1.76644
29,-1,-1,0.03300013,1739.67,28704672,nlpkkt80.mtx,CSR,OpenMP,1.73967
30,-1,-1,0.03270001,1755.64,28704672,nlpkkt80.mtx,CSR,OpenMP,1.75564
31,-1,-1,0.03490014,1644.96,28704672,nlpkkt80.mtx,CSR,OpenMP,1.64496
32,-1,-1,0.03649981,1572.87,28704672,nlpkkt80.mtx,CSR,OpenMP,1.57287
33,-1,-1,0.03750064,1530.89,28704672,nlpkkt80.mtx,CSR,OpenMP,1.53089
34,-1,-1,0.03263384,1759.2,28704672,nlpkkt80.mtx,CSR,OpenMP,1.7592
35,-1,-1,0.03509978,1635.6,28704672,nlpkkt80.mtx,CSR,OpenMP,1.6356
36,-1,-1,0.03349983,1713.72,28704672,nlpkkt80.mtx,CSR,OpenMP,1.7137200000000001
37,-1,-1,0.03570006,1608.1,28704672,nlpkkt80.mtx,CSR,OpenMP,1.6080999999999999
38,-1,-1,0.03749998,1530.92,28704672,nlpkkt80.mtx,CSR,OpenMP,1.53092
39,-1,-1,0.03410064,1683.53,28704672,nlpkkt80.mtx,CSR,OpenMP,1.68353
40,-1,-1,0.03699944,1551.63,28704672,nlpkkt80.mtx,CSR,OpenMP,1.55163
1,-1,-1,0.0009379,1050.36,492564,lung2.mtx,CSR,OpenMP,1.05036
2,-1,-1,0.0008261,1192.5,492564,lung2.mtx,CSR,OpenMP,1.1925
3,-1,-1,0.00108413,908.68,492564,lung2.mtx,CSR,OpenMP,0.9086799999999999
4,-1,-1,0.00194072,507.61,492564,lung2.mtx,CSR,OpenMP,0.50761
5,-1,-1,0.00302945,325.18,492564,lung2.mtx,CSR,OpenMP,0.32518
6,-1,-1,0.00444097,221.83,492564,lung2.mtx,CSR,OpenMP,0.22183
7,-1,-1,0.00544512,180.92,492564,lung2.mtx,CSR,OpenMP,0.18092
8,-1,-1,0.0062656,157.23,492564,lung2.mtx,CSR,OpenMP,0.15722999999999998
9,-1,-1,0.01488196,66.2,492564,lung2.mtx,CSR,OpenMP,0.06620000000000001
10,-1,-1,0.0105003,93.82,492564,lung2.mtx,CSR,OpenMP,0.09381999999999999
11,-1,-1,0.01559983,63.15,492564,lung2.mtx,CSR,OpenMP,0.06315
12,-1,-1,0.01570008,62.75,492564,lung2.mtx,CSR,OpenMP,0.06275
13,-1,-1,0.01249986,78.81,492564,lung2.mtx,CSR,OpenMP,0.07881
14,-1,-1,0.01229982,80.09,492564,lung2.mtx,CSR,OpenMP,0.08009000000000001
15,-1,-1,0.01126648,87.44,492564,lung2.mtx,CSR,OpenMP,0.08744
16,-1,-1,0.01299996,75.78,492564,lung2.mtx,CSR,OpenMP,0.07578
17,-1,-1,0.01220004,80.75,492564,lung2.mtx,CSR,OpenMP,0.08075
18,-1,-1,0.01470012,67.01,492564,lung2.mtx,CSR,OpenMP,0.06701
19,-1,-1,0.01729998,56.94,492564,lung2.mtx,CSR,OpenMP,0.05694
20,-1,-1,0.01659986,59.35,492564,lung2.mtx,CSR,OpenMP,0.05935
21,-1,-1,0.01620054,60.81,492564,lung2.mtx,CSR,OpenMP,0.06081
22,-1,-1,0.01639981,60.07,492564,lung2.mtx,CSR,OpenMP,0.06007
23,-1,-1,0.01639987,60.07,492564,lung2.mtx,CSR,OpenMP,0.06007
24,-1,-1,0.01389978,70.87,492564,lung2.mtx,CSR,OpenMP,0.07087
25,-1,-1,0.01339997,73.52,492564,lung2.mtx,CSR,OpenMP,0.07352
26,-1,-1,0.01330006,74.07,492564,lung2.mtx,CSR,OpenMP,0.07407
27,-1,-1,0.01339981,73.52,492564,lung2.mtx,CSR,OpenMP,0.07352
28,-1,-1,0.01549993,63.56,492564,lung2.mtx,CSR,OpenMP,0.06356
29,-1,-1,0.0140002,70.37,492564,lung2.mtx,CSR,OpenMP,0.07037
30,-1,-1,0.01420002,69.38,492564,lung2.mtx,CSR,OpenMP,0.06938
31,-1,-1,0.01369993,71.91,492564,lung2.mtx,CSR,OpenMP,0.07191
32,-1,-1,0.01359962,72.44,492564,lung2.mtx,CSR,OpenMP,0.07244
33,-1,-1,0.01359985,72.44,492564,lung2.mtx,CSR,OpenMP,0.07244
34,-1,-1,0.01559994,63.15,492564,lung2.mtx,CSR,OpenMP,0.06315
35,-1,-1,0.01440012,68.41,492564,lung2.mtx,CSR,OpenMP,0.06841
36,-1,-1,0.01460012,67.47,492564,lung2.mtx,CSR,OpenMP,0.06747
37,-1,-1,0.01319989,74.63,492564,lung2.mtx,CSR,OpenMP,0.07463
38,-1,-1,0.01399977,70.37,492564,lung2.mtx,CSR,OpenMP,0.07037
39,-1,-1,0.01410014,69.87,492564,lung2.mtx,CSR,OpenMP,0.06987
40,-1,-1,0.01300003,75.78,492564,lung2.mtx,CSR,OpenMP,0.07578
1,-1,-1,0.00302805,815.62,1234877,amazon0302.mtx,CSR,OpenMP,0.81562
2,-1,-1,0.00276293,893.89,1234877,amazon0302.mtx,CSR,OpenMP,0.89389
3,-1,-1,0.00470054,525.42,1234877,amazon0302.mtx,CSR,OpenMP,0.52542
4,-1,-1,0.00472258,522.97,1234877,amazon0302.mtx,CSR,OpenMP,0.52297
5,-1,-1,0.00729071,338.75,1234877,amazon0302.mtx,CSR,OpenMP,0.33875
6,-1,-1,0.00644619,383.13,1234877,amazon0302.mtx,CSR,OpenMP,0.38312999999999997
7,-1,-1,0.0072811,339.2,1234877,amazon0302.mtx,CSR,OpenMP,0.3392
8,-1,-1,0.00849777,290.64,1234877,amazon0302.mtx,CSR,OpenMP,0.29064
9,-1,-1,0.00939991,262.74,1234877,amazon0302.mtx,CSR,OpenMP,0.26274000000000003
10,-1,-1,0.016199,152.46,1234877,amazon0302.mtx,CSR,OpenMP,0.15246
11,-1,-1,0.01400003,176.41,1234877,amazon0302.mtx,CSR,OpenMP,0.17640999999999998
12,-1,-1,0.0162001,152.45,1234877,amazon0302.mtx,CSR,OpenMP,0.15245
13,-1,-1,0.01939987,127.31,1234877,amazon0302.mtx,CSR,OpenMP,0.12731
14,-1,-1,0.0179999,137.21,1234877,amazon0302.mtx,CSR,OpenMP,0.13721
15,-1,-1,0.0187,132.07,1234877,amazon0302.mtx,CSR,OpenMP,0.13207
16,-1,-1,0.01880001,131.37,1234877,amazon0302.mtx,CSR,OpenMP,0.13137000000000001
17,-1,-1,0.01959986,126.01,1234877,amazon0302.mtx,CSR,OpenMP,0.12601
18,-1,-1,0.01989998,124.11,1234877,amazon0302.mtx,CSR,OpenMP,0.12411
19,-1,-1,0.01999996,123.49,1234877,amazon0302.mtx,CSR,OpenMP,0.12348999999999999
20,-1,-1,0.01999991,123.49,1234877,amazon0302.mtx,CSR,OpenMP,0.12348999999999999
21,-1,-1,0.01989997,124.11,1234877,amazon0302.mtx,CSR,OpenMP,0.12411
22,-1,-1,0.02000004,123.49,1234877,amazon0302.mtx,CSR,OpenMP,0.12348999999999999
23,-1,-1,0.01689997,146.14,1234877,amazon0302.mtx,CSR,OpenMP,0.14614
24,-1,-1,0.01699998,145.28,1234877,amazon0302.mtx,CSR,OpenMP,0.14528
25,-1,-1,0.01720008,143.59,1234877,amazon0302.mtx,CSR,OpenMP,0.14359
26,-1,-1,0.01659995,148.78,1234877,amazon0302.mtx,CSR,OpenMP,0.14878
27,-1,-1,0.01690002,146.14,1234877,amazon0302.mtx,CSR,OpenMP,0.14614
28,-1,-1,0.01640001,150.59,1234877,amazon0302.mtx,CSR,OpenMP,0.15059
29,-1,-1,0.01430004,172.71,1234877,amazon0302.mtx,CSR,OpenMP,0.17271
30,-1,-1,0.01400001,176.41,1234877,amazon0302.mtx,CSR,OpenMP,0.17640999999999998
31,-1,-1,0.01619991,152.45,1234877,amazon0302.mtx,CSR,OpenMP,0.15245
32,-1,-1,0.01340001,184.31,1234877,amazon0302.mtx,CSR,OpenMP,0.18431
33,-1,-1,0.01399999,176.41,1234877,amazon0302.mtx,CSR,OpenMP,0.17640999999999998
34,-1,-1,0.01690022,146.14,1234877,amazon0302.mtx,CSR,OpenMP,0.14614
35,-1,-1,0.01679982,147.01,1234877,amazon0302.mtx,CSR,OpenMP,0.14701
36,-1,-1,0.01299996,189.98,1234877,amazon0302.mtx,CSR,OpenMP,0.18997999999999998
37,-1,-1,0.01299997,189.98,1234877,amazon0302.mtx,CSR,OpenMP,0.18997999999999998
38,-1,-1,0.01479938,166.88,1234877,amazon0302.mtx,CSR,OpenMP,0.16688
39,-1,-1,0.01279984,192.95,1234877,amazon0302.mtx,CSR,OpenMP,0.19294999999999998
40,-1,-1,0.01309994,188.53,1234877,amazon0302.mtx,CSR,OpenMP,0.18853
1,-1,-1,2.901e-05,775.36,11246,adder_dcop_32.mtx,CSR,OpenMP,0.77536
2,-1,-1,0.00078428,28.68,11246,adder_dcop_32.mtx,CSR,OpenMP,0.02868
3,-1,-1,0.00558831,4.02,11246,adder_dcop_32.mtx,CSR,OpenMP,0.004019999999999999
4,-1,-1,0.0031107,7.23,11246,adder_dcop_32.mtx,CSR,OpenMP,0.00723
5,-1,-1,0.00549189,4.1,11246,adder_dcop_32.mtx,CSR,OpenMP,0.0040999999999999995
6,-1,-1,0.00699902,3.21,11246,adder_dcop_32.mtx,CSR,OpenMP,0.00321
7,-1,-1,0.00770174,2.92,11246,adder_dcop_32.mtx,CSR,OpenMP,0.00292
8,-1,-1,0.00540353,4.16,11246,adder_dcop_32.mtx,CSR,OpenMP,0.0041600000000000005
9,-1,-1,0.00988366,2.28,11246,adder_dcop_32.mtx,CSR,OpenMP,0.00228
10,-1,-1,0.01199833,1.87,11246,adder_dcop_32.mtx,CSR,OpenMP,0.0018700000000000001
11,-1,-1,0.00989994,2.27,11246,adder_dcop_32.mtx,CSR,OpenMP,0.00227
12,-1,-1,0.01029983,2.18,11246,adder_dcop_32.mtx,CSR,OpenMP,0.00218
13,-1,-1,0.0114,1.97,11246,adder_dcop_32.mtx,CSR,OpenMP,0.00197
14,-1,-1,0.01099989,2.04,11246,adder_dcop_32.mtx,CSR,OpenMP,0.00204
15,-1,-1,0.01190006,1.89,11246,adder_dcop_32.mtx,CSR,OpenMP,0.00189
16,-1,-1,0.01290035,1.74,11246,adder_dcop_32.mtx,CSR,OpenMP,0.00174
17,-1,-1,0.01280014,1.76,11246,adder_dcop_32.mtx,CSR,OpenMP,0.00176
18,-1,-1,0.01299949,1.73,11246,adder_dcop_32.mtx,CSR,OpenMP,0.00173
19,-1,-1,0.01359989,1.65,11246,adder_dcop_32.mtx,CSR,OpenMP,0.00165
20,-1,-1,0.01219993,1.84,11246,adder_dcop_32.mtx,CSR,OpenMP,0.00184
21,-1,-1,0.01200252,1.87,11246,adder_dcop_32.mtx,CSR,OpenMP,0.0018700000000000001
22,-1,-1,0.01200013,1.87,11246,adder_dcop_32.mtx,CSR,OpenMP,0.0018700000000000001
23,-1,-1,0.01190229,1.89,11246,adder_dcop_32.mtx,CSR,OpenMP,0.00189
24,-1,-1,0.01310014,1.72,11246,adder_dcop_32.mtx,CSR,OpenMP,0.00172
25,-1,-1,0.01239998,1.81,11246,adder_dcop_32.mtx,CSR,OpenMP,0.00181
26,-1,-1,0.0132995,1.69,11246,adder_dcop_32.mtx,CSR,OpenMP,0.0016899999999999999
27,-1,-1,0.01400008,1.61,11246,adder_dcop_32.mtx,CSR,OpenMP,0.00161
28,-1,-1,0.0131998,1.7,11246,adder_dcop_32.mtx,CSR,OpenMP,0.0017
29,-1,-1,0.01390002,1.62,11246,adder_dcop_32.mtx,CSR,OpenMP,0.0016200000000000001
30,-1,-1,0.0131999,1.7,11246,adder_dcop_32.mtx,CSR,OpenMP,0.0017
31,-1,-1,0.01429995,1.57,11246,adder_dcop_32.mtx,CSR,OpenMP,0.00157
32,-1,-1,0.01300208,1.73,11246,adder_dcop_32.mtx,CSR,OpenMP,0.00173
33,-1,-1,0.0130001,1.73,11246,adder_dcop_32.mtx,CSR,OpenMP,0.00173
34,-1,-1,0.01450059,1.55,11246,adder_dcop_32.mtx,CSR,OpenMP,0.00155
35,-1,-1,0.01500096,1.5,11246,adder_dcop_32.mtx,CSR,OpenMP,0.0015
36,-1,-1,0.01399766,1.61,11246,adder_dcop_32.mtx,CSR,OpenMP,0.00161
37,-1,-1,0.01349969,1.67,11246,adder_dcop_32.mtx,CSR,OpenMP,0.0016699999999999998
38,-1,-1,0.01290467,1.74,11246,adder_dcop_32.mtx,CSR,OpenMP,0.00174
39,-1,-1,0.01390529,1.62,11246,adder_dcop_32.mtx,CSR,OpenMP,0.0016200000000000001
40,-1,-1,0.01420571,1.58,11246,adder_dcop_32.mtx,CSR,OpenMP,0.00158
1,-1,-1,0.00069105,1246.63,430740,FEM_3D_thermal1.mtx,CSR,OpenMP,1.2466300000000001
2,-1,-1,0.00072347,1190.75,430740,FEM_3D_thermal1.mtx,CSR,OpenMP,1.19075
3,-1,-1,0.00122448,703.55,430740,FEM_3D_thermal1.mtx,CSR,OpenMP,0.70355
4,-1,-1,0.00225281,382.4,430740,FEM_3D_thermal1.mtx,CSR,OpenMP,0.38239999999999996
5,-1,-1,0.00467476,184.28,430740,FEM_3D_thermal1.mtx,CSR,OpenMP,0.18428
6,-1,-1,0.00553822,155.55,430740,FEM_3D_thermal1.mtx,CSR,OpenMP,0.15555000000000002
7,-1,-1,0.01150913,74.85,430740,FEM_3D_thermal1.mtx,CSR,OpenMP,0.07485
8,-1,-1,0.01083222,79.53,430740,FEM_3D_thermal1.mtx,CSR,OpenMP,0.07953
9,-1,-1,0.0148716,57.93,430740,FEM_3D_thermal1.mtx,CSR,OpenMP,0.05793
10,-1,-1,0.01540746,55.91,430740,FEM_3D_thermal1.mtx,CSR,OpenMP,0.055909999999999994
11,-1,-1,0.01249954,68.92,430740,FEM_3D_thermal1.mtx,CSR,OpenMP,0.06892
12,-1,-1,0.01390532,61.95,430740,FEM_3D_thermal1.mtx,CSR,OpenMP,0.061950000000000005
13,-1,-1,0.01420727,60.64,430740,FEM_3D_thermal1.mtx,CSR,OpenMP,0.06064
14,-1,-1,0.01599876,53.85,430740,FEM_3D_thermal1.mtx,CSR,OpenMP,0.05385
15,-1,-1,0.0161988,53.18,430740,FEM_3D_thermal1.mtx,CSR,OpenMP,0.05318
16,-1,-1,0.01629989,52.85,430740,FEM_3D_thermal1.mtx,CSR,OpenMP,0.05285
17,-1,-1,0.01279987,67.3,430740,FEM_3D_thermal1.mtx,CSR,OpenMP,0.0673
18,-1,-1,0.01309975,65.76,430740,FEM_3D_thermal1.mtx,CSR,OpenMP,0.06576
19,-1,-1,0.01420013,60.67,430740,FEM_3D_thermal1.mtx,CSR,OpenMP,0.06067
20,-1,-1,0.01540008,55.94,430740,FEM_3D_thermal1.mtx,CSR,OpenMP,0.05594
21,-1,-1,0.0168101,51.25,430740,FEM_3D_thermal1.mtx,CSR,OpenMP,0.05125
22,-1,-1,0.01269665,67.85,430740,FEM_3D_thermal1.mtx,CSR,OpenMP,0.06785
23,-1,-1,0.01190529,72.36,430740,FEM_3D_thermal1.mtx,CSR,OpenMP,0.07236
24,-1,-1,0.01329853,64.78,430740,FEM_3D_thermal1.mtx,CSR,OpenMP,0.06478
25,-1,-1,0.01329966,64.77,430740,FEM_3D_thermal1.mtx,CSR,OpenMP,0.06477
26,-1,-1,0.01340033,64.29,430740,FEM_3D_thermal1.mtx,CSR,OpenMP,0.06429
27,-1,-1,0.01409961,61.1,430740,FEM_3D_thermal1.mtx,CSR,OpenMP,0.0611
28,-1,-1,0.01340396,64.27,430740,FEM_3D_thermal1.mtx,CSR,OpenMP,0.06427
29,-1,-1,0.01489861,57.82,430740,FEM_3D_thermal1.mtx,CSR,OpenMP,0.05782
30,-1,-1,0.0131999,65.26,430740,FEM_3D_thermal1.mtx,CSR,OpenMP,0.06526
31,-1,-1,0.01299998,66.27,430740,FEM_3D_thermal1.mtx,CSR,OpenMP,0.06627
32,-1,-1,0.01420014,60.67,430740,FEM_3D_thermal1.mtx,CSR,OpenMP,0.06067
33,-1,-1,0.01390039,61.98,430740,FEM_3D_thermal1.mtx,CSR,OpenMP,0.06197999999999999
34,-1,-1,0.01359954,63.35,430740,FEM_3D_thermal1.mtx,CSR,OpenMP,0.06335
35,-1,-1,0.01689965,50.98,430740,FEM_3D_thermal1.mtx,CSR,OpenMP,0.05098
36,-1,-1,0.01310015,65.76,430740,FEM_3D_thermal1.mtx,CSR,OpenMP,0.06576
37,-1,-1,0.01300034,66.27,430740,FEM_3D_thermal1.mtx,CSR,OpenMP,0.06627
38,-1,-1,0.01359983,63.34,430740,FEM_3D_thermal1.mtx,CSR,OpenMP,0.06334000000000001
39,-1,-1,0.01319999,65.26,430740,FEM_3D_thermal1.mtx,CSR,OpenMP,0.06526
40,-1,-1,0.01339972,64.29,430740,FEM_3D_thermal1.mtx,CSR,OpenMP,0.06429
1,-1,-1,0.00046159,1275.06,294276,raefsky2.mtx,CSR,OpenMP,1.2750599999999999
2,-1,-1,0.00115492,509.6,294276,raefsky2.mtx,CSR,OpenMP,0.5096
3,-1,-1,0.00098286,598.82,294276,raefsky2.mtx,CSR,OpenMP,0.59882
4,-1,-1,0.00222399,264.64,294276,raefsky2.mtx,CSR,OpenMP,0.26464
5,-1,-1,0.00384712,152.99,294276,raefsky2.mtx,CSR,OpenMP,0.15299000000000001
6,-1,-1,0.00463298,127.04,294276,raefsky2.mtx,CSR,OpenMP,0.12704000000000001
7,-1,-1,0.00270584,217.51,294276,raefsky2.mtx,CSR,OpenMP,0.21750999999999998
8,-1,-1,0.00375917,156.56,294276,raefsky2.mtx,CSR,OpenMP,0.15656
9,-1,-1,0.01611899,36.51,294276,raefsky2.mtx,CSR,OpenMP,0.03651
10,-1,-1,0.01270607,46.32,294276,raefsky2.mtx,CSR,OpenMP,0.04632
11,-1,-1,0.01220478,48.22,294276,raefsky2.mtx,CSR,OpenMP,0.04822
12,-1,-1,0.01000389,58.83,294276,raefsky2.mtx,CSR,OpenMP,0.05883
13,-1,-1,0.01169791,50.31,294276,raefsky2.mtx,CSR,OpenMP,0.05031
14,-1,-1,0.01410061,41.74,294276,raefsky2.mtx,CSR,OpenMP,0.04174
15,-1,-1,0.01389844,42.35,294276,raefsky2.mtx,CSR,OpenMP,0.04235
16,-1,-1,0.01269996,46.34,294276,raefsky2.mtx,CSR,OpenMP,0.046340000000000006
17,-1,-1,0.01209994,48.64,294276,raefsky2.mtx,CSR,OpenMP,0.04864
18,-1,-1,0.01350011,43.6,294276,raefsky2.mtx,CSR,OpenMP,0.0436
19,-1,-1,0.01119991,52.55,294276,raefsky2.mtx,CSR,OpenMP,0.05255
20,-1,-1,0.01230002,47.85,294276,raefsky2.mtx,CSR,OpenMP,0.047850000000000004
21,-1,-1,0.01520061,38.72,294276,raefsky2.mtx,CSR,OpenMP,0.03872
22,-1,-1,0.01669818,35.25,294276,raefsky2.mtx,CSR,OpenMP,0.03525
23,-1,-1,0.01709994,34.42,294276,raefsky2.mtx,CSR,OpenMP,0.03442
24,-1,-1,0.01239994,47.46,294276,raefsky2.mtx,CSR,OpenMP,0.04746
25,-1,-1,0.01350004,43.6,294276,raefsky2.mtx,CSR,OpenMP,0.0436
26,-1,-1,0.01409984,41.74,294276,raefsky2.mtx,CSR,OpenMP,0.04174
27,-1,-1,0.01390319,42.33,294276,raefsky2.mtx,CSR,OpenMP,0.04233
28,-1,-1,0.01600567,36.77,294276,raefsky2.mtx,CSR,OpenMP,0.036770000000000004
29,-1,-1,0.01560281,37.72,294276,raefsky2.mtx,CSR,OpenMP,0.03772
30,-1,-1,0.01469995,40.04,294276,raefsky2.mtx,CSR,OpenMP,0.04004
31,-1,-1,0.01349991,43.6,294276,raefsky2.mtx,CSR,OpenMP,0.0436
32,-1,-1,0.01260712,46.68,294276,raefsky2.mtx,CSR,OpenMP,0.04668
33,-1,-1,0.01610274,36.55,294276,raefsky2.mtx,CSR,OpenMP,0.03655
34,-1,-1,0.01300274,45.26,294276,raefsky2.mtx,CSR,OpenMP,0.045259999999999995
35,-1,-1,0.01300253,45.26,294276,raefsky2.mtx,CSR,OpenMP,0.045259999999999995
36,-1,-1,0.01510287,38.97,294276,raefsky2.mtx,CSR,OpenMP,0.03897
37,-1,-1,0.01300306,45.26,294276,raefsky2.mtx,CSR,OpenMP,0.045259999999999995
38,-1,-1,0.01359434,43.29,294276,raefsky2.mtx,CSR,OpenMP,0.04329
39,-1,-1,0.01510776,38.96,294276,raefsky2.mtx,CSR,OpenMP,0.03896
40,-1,-1,0.0169011,34.82,294276,raefsky2.mtx,CSR,OpenMP,0.034820000000000004
1,-1,-1,0.02140599,801.67,8580313,thermal2.mtx,CSR,OpenMP,0.80167
2,-1,-1,0.01918071,894.68,8580313,thermal2.mtx,CSR,OpenMP,0.8946799999999999
3,-1,-1,0.0182974,937.87,8580313,thermal2.mtx,CSR,OpenMP,0.93787
4,-1,-1,0.01799905,953.42,8580313,thermal2.mtx,CSR,OpenMP,0.9534199999999999
5,-1,-1,0.01869761,917.8,8580313,thermal2.mtx,CSR,OpenMP,0.9178
6,-1,-1,0.01820019,942.88,8580313,thermal2.mtx,CSR,OpenMP,0.9428799999999999
7,-1,-1,0.01889997,907.97,8580313,thermal2.mtx,CSR,OpenMP,0.90797
8,-1,-1,0.01916492,895.42,8580313,thermal2.mtx,CSR,OpenMP,0.89542
9,-1,-1,0.0176994,969.56,8580313,thermal2.mtx,CSR,OpenMP,0.96956
10,-1,-1,0.01728984,992.53,8580313,thermal2.mtx,CSR,OpenMP,0.99253
11,-1,-1,0.01722727,996.13,8580313,thermal2.mtx,CSR,OpenMP,0.99613
12,-1,-1,0.01689996,1015.42,8580313,thermal2.mtx,CSR,OpenMP,1.01542
13,-1,-1,0.0172001,997.71,8580313,thermal2.mtx,CSR,OpenMP,0.99771
14,-1,-1,0.02129931,805.69,8580313,thermal2.mtx,CSR,OpenMP,0.80569
15,-1,-1,0.0204998,837.11,8580313,thermal2.mtx,CSR,OpenMP,0.83711
16,-1,-1,0.01770019,969.52,8580313,thermal2.mtx,CSR,OpenMP,0.9695199999999999
17,-1,-1,0.01669978,1027.6,8580313,thermal2.mtx,CSR,OpenMP,1.0275999999999998
18,-1,-1,0.01970081,871.06,8580313,thermal2.mtx,CSR,OpenMP,0.87106
19,-1,-1,0.02119944,809.48,8580313,thermal2.mtx,CSR,OpenMP,0.80948
20,-1,-1,0.02020009,849.53,8580313,thermal2.mtx,CSR,OpenMP,0.84953
21,-1,-1,0.01990012,862.34,8580313,thermal2.mtx,CSR,OpenMP,0.86234
22,-1,-1,0.01809999,948.1,8580313,thermal2.mtx,CSR,OpenMP,0.9481
23,-1,-1,0.01540001,1114.33,8580313,thermal2.mtx,CSR,OpenMP,1.1143299999999998
24,-1,-1,0.01900001,903.19,8580313,thermal2.mtx,CSR,OpenMP,0.90319
25,-1,-1,0.0176,975.04,8580313,thermal2.mtx,CSR,OpenMP,0.97504
26,-1,-1,0.01950011,880.03,8580313,thermal2.mtx,CSR,OpenMP,0.88003
27,-1,-1,0.02340014,733.36,8580313,thermal2.mtx,CSR,OpenMP,0.73336
28,-1,-1,0.02110018,813.29,8580313,thermal2.mtx,CSR,OpenMP,0.81329
29,-1,-1,0.02220007,773.0,8580313,thermal2.mtx,CSR,OpenMP,0.773
30,-1,-1,0.02189999,783.59,8580313,thermal2.mtx,CSR,OpenMP,0.78359
31,-1,-1,0.02089992,821.09,8580313,thermal2.mtx,CSR,OpenMP,0.82109
32,-1,-1,0.02139988,801.9,8580313,thermal2.mtx,CSR,OpenMP,0.8019
33,-1,-1,0.02320202,739.62,8580313,thermal2.mtx,CSR,OpenMP,0.73962
34,-1,-1,0.02099991,817.18,8580313,thermal2.mtx,CSR,OpenMP,0.8171799999999999
35,-1,-1,0.01936359,886.23,8580313,thermal2.mtx,CSR,OpenMP,0.8862300000000001
36,-1,-1,0.02549815,673.01,8580313,thermal2.mtx,CSR,OpenMP,0.67301
37,-1,-1,0.02225934,770.94,8580313,thermal2.mtx,CSR,OpenMP,0.7709400000000001
38,-1,-1,0.02249327,762.92,8580313,thermal2.mtx,CSR,OpenMP,0.7629199999999999
39,-1,-1,0.02479992,691.96,8580313,thermal2.mtx,CSR,OpenMP,0.69196
40,-1,-1,0.02399993,715.03,8580313,thermal2.mtx,CSR,OpenMP,0.7150299999999999
1,-1,-1,1.498e-05,1143.23,8562,mhda416.mtx,CSR,OpenMP,1.14323
2,-1,-1,0.000892,19.2,8562,mhda416.mtx,CSR,OpenMP,0.0192
3,-1,-1,0.01039099,1.65,8562,mhda416.mtx,CSR,OpenMP,0.00165
4,-1,-1,0.00580246,2.95,8562,mhda416.mtx,CSR,OpenMP,0.0029500000000000004
5,-1,-1,0.00649841,2.64,8562,mhda416.mtx,CSR,OpenMP,0.00264
6,-1,-1,0.0065958,2.6,8562,mhda416.mtx,CSR,OpenMP,0.0026
7,-1,-1,0.00729365,2.35,8562,mhda416.mtx,CSR,OpenMP,0.00235
8,-1,-1,0.00800062,2.14,8562,mhda416.mtx,CSR,OpenMP,0.00214
9,-1,-1,0.00720042,2.38,8562,mhda416.mtx,CSR,OpenMP,0.0023799999999999997
10,-1,-1,0.01320076,1.3,8562,mhda416.mtx,CSR,OpenMP,0.0013
11,-1,-1,0.01209995,1.42,8562,mhda416.mtx,CSR,OpenMP,0.0014199999999999998
12,-1,-1,0.01179976,1.45,8562,mhda416.mtx,CSR,OpenMP,0.00145
13,-1,-1,0.00959994,1.78,8562,mhda416.mtx,CSR,OpenMP,0.0017800000000000001
14,-1,-1,0.01439981,1.19,8562,mhda416.mtx,CSR,OpenMP,0.0011899999999999999
15,-1,-1,0.01099834,1.56,8562,mhda416.mtx,CSR,OpenMP,0.00156
16,-1,-1,0.01199989,1.43,8562,mhda416.mtx,CSR,OpenMP,0.0014299999999999998
17,-1,-1,0.01279997,1.34,8562,mhda416.mtx,CSR,OpenMP,0.00134
18,-1,-1,0.0132,1.3,8562,mhda416.mtx,CSR,OpenMP,0.0013
19,-1,-1,0.01189977,1.44,8562,mhda416.mtx,CSR,OpenMP,0.0014399999999999999
20,-1,-1,0.01219983,1.4,8562,mhda416.mtx,CSR,OpenMP,0.0014
21,-1,-1,0.01530149,1.12,8562,mhda416.mtx,CSR,OpenMP,0.0011200000000000001
22,-1,-1,0.01849945,0.93,8562,mhda416.mtx,CSR,OpenMP,0.00093
23,-1,-1,0.01660105,1.03,8562,mhda416.mtx,CSR,OpenMP,0.00103
24,-1,-1,0.01759837,0.97,8562,mhda416.mtx,CSR,OpenMP,0.0009699999999999999
25,-1,-1,0.01949939,0.88,8562,mhda416.mtx,CSR,OpenMP,0.00088
26,-1,-1,0.01520192,1.13,8562,mhda416.mtx,CSR,OpenMP,0.00113
27,-1,-1,0.01689842,1.01,8562,mhda416.mtx,CSR,OpenMP,0.00101
28,-1,-1,0.01590212,1.08,8562,mhda416.mtx,CSR,OpenMP,0.00108
29,-1,-1,0.01759958,0.97,8562,mhda416.mtx,CSR,OpenMP,0.0009699999999999999
30,-1,-1,0.01609821,1.06,8562,mhda416.mtx,CSR,OpenMP,0.00106
31,-1,-1,0.01510008,1.13,8562,mhda416.mtx,CSR,OpenMP,0.00113
32,-1,-1,0.01459988,1.17,8562,mhda416.mtx,CSR,OpenMP,0.00117
33,-1,-1,0.01890022,0.91,8562,mhda416.mtx,CSR,OpenMP,0.00091
34,-1,-1,0.01619972,1.06,8562,mhda416.mtx,CSR,OpenMP,0.00106
35,-1,-1,0.01810473,0.95,8562,mhda416.mtx,CSR,OpenMP,0.00095
36,-1,-1,0.01600015,1.07,8562,mhda416.mtx,CSR,OpenMP,0.00107
37,-1,-1,0.01920177,0.89,8562,mhda416.mtx,CSR,OpenMP,0.0008900000000000001
38,-1,-1,0.02110307,0.81,8562,mhda416.mtx,CSR,OpenMP,0.0008100000000000001
39,-1,-1,0.01919752,0.89,8562,mhda416.mtx,CSR,OpenMP,0.0008900000000000001
40,-1,-1,0.01660219,1.03,8562,mhda416.mtx,CSR,OpenMP,0.00103
